eind_score,oplossing
3531.857142857143,"[['Den Haag Centraal', 'Gouda'], ['Heemstede-Aerdenhout', 'Haarlem', 'Beverwijk', 'Castricum', 'Alkmaar', 'Hoorn'], ['Zaandam', 'Beverwijk', 'Castricum', 'Alkmaar', 'Hoorn'], ['Haarlem', 'Beverwijk', 'Castricum', 'Alkmaar', 'Den Helder'], ['Amsterdam Zuid', 'Amsterdam Sloterdijk', 'Haarlem', 'Beverwijk', 'Castricum', 'Alkmaar', 'Den Helder'], ['Delft', 'Den Haag Centraal', 'Gouda', 'Alphen a/d Rijn'], ['Rotterdam Alexander', 'Gouda', 'Alphen a/d Rijn']]"
3336.7142857142853,"[['Castricum', 'Alkmaar'], ['Amsterdam Zuid', 'Amsterdam Sloterdijk', 'Zaandam', 'Castricum', 'Alkmaar', 'Hoorn'], ['Heemstede-Aerdenhout', 'Haarlem', 'Beverwijk'], ['Amsterdam Centraal', 'Amsterdam Sloterdijk', 'Haarlem', 'Beverwijk', 'Castricum'], ['Amsterdam Amstel', 'Amsterdam Centraal', 'Amsterdam Sloterdijk', 'Zaandam', 'Castricum'], ['Amsterdam Amstel', 'Amsterdam Zuid'], ['Amsterdam Amstel', 'Amsterdam Centraal', 'Amsterdam Sloterdijk', 'Haarlem', 'Beverwijk', 'Castricum', 'Alkmaar']]"
5378.571428571429,"[['Amsterdam Amstel', 'Amsterdam Zuid', 'Amsterdam Sloterdijk'], ['Amsterdam Amstel', 'Amsterdam Zuid', 'Amsterdam Sloterdijk', 'Haarlem', 'Beverwijk', 'Castricum', 'Alkmaar'], ['Schiedam Centrum', 'Delft'], ['Dordrecht', 'Rotterdam Centraal', 'Schiedam Centrum', 'Delft', 'Den Haag Centraal', 'Gouda'], ['Amsterdam Centraal', 'Amsterdam Sloterdijk', 'Zaandam', 'Castricum'], ['Schiedam Centrum', 'Delft', 'Den Haag Centraal', 'Leiden Centraal', 'Heemstede-Aerdenhout'], ['Schiedam Centrum', 'Delft', 'Den Haag Centraal', 'Leiden Centraal', 'Heemstede-Aerdenhout', 'Haarlem', 'Beverwijk', 'Castricum', 'Alkmaar', 'Hoorn']]"
4686.285714285714,"[['Rotterdam Centraal', 'Schiedam Centrum', 'Delft', 'Den Haag Centraal', 'Leiden Centraal', 'Heemstede-Aerdenhout', 'Haarlem'], ['Rotterdam Centraal', 'Schiedam Centrum'], ['Castricum', 'Alkmaar', 'Den Helder'], ['Heemstede-Aerdenhout', 'Haarlem', 'Beverwijk', 'Castricum'], ['Schiedam Centrum', 'Delft', 'Den Haag Centraal', 'Leiden Centraal', 'Heemstede-Aerdenhout', 'Haarlem', 'Beverwijk'], ['Amsterdam Amstel', 'Amsterdam Centraal', 'Amsterdam Sloterdijk', 'Haarlem', 'Beverwijk', 'Castricum', 'Alkmaar'], ['Amsterdam Centraal', 'Amsterdam Sloterdijk', 'Zaandam', 'Castricum', 'Alkmaar', 'Hoorn']]"
3325.7142857142853,"[['Schiedam Centrum', 'Delft'], ['Amsterdam Zuid', 'Amsterdam Sloterdijk', 'Haarlem'], ['Zaandam', 'Beverwijk', 'Castricum', 'Alkmaar', 'Den Helder'], ['Amsterdam Amstel', 'Amsterdam Centraal', 'Amsterdam Sloterdijk', 'Zaandam', 'Beverwijk', 'Castricum', 'Alkmaar', 'Hoorn'], ['Beverwijk', 'Castricum'], ['Zaandam', 'Castricum'], ['Amsterdam Sloterdijk', 'Zaandam', 'Castricum', 'Alkmaar']]"
6439.0,"[['Den Haag Centraal', 'Gouda'], ['Schiedam Centrum', 'Delft', 'Den Haag Centraal', 'Leiden Centraal', 'Heemstede-Aerdenhout', 'Haarlem'], ['Dordrecht', 'Rotterdam Centraal', 'Schiedam Centrum', 'Delft', 'Den Haag Centraal', 'Gouda', 'Alphen a/d Rijn'], ['Amsterdam Amstel', 'Amsterdam Zuid', 'Amsterdam Sloterdijk', 'Zaandam', 'Beverwijk', 'Castricum', 'Alkmaar', 'Hoorn'], ['Amsterdam Centraal', 'Amsterdam Sloterdijk', 'Haarlem'], ['Amsterdam Amstel', 'Amsterdam Centraal', 'Amsterdam Sloterdijk', 'Zaandam', 'Castricum', 'Alkmaar', 'Den Helder'], ['Amsterdam Zuid', 'Amsterdam Sloterdijk']]"
5370.571428571429,"[['Amsterdam Sloterdijk', 'Zaandam', 'Hoorn'], ['Amsterdam Amstel', 'Amsterdam Centraal', 'Amsterdam Sloterdijk', 'Zaandam'], ['Schiedam Centrum', 'Delft', 'Den Haag Centraal', 'Leiden Centraal', 'Heemstede-Aerdenhout', 'Haarlem', 'Beverwijk'], ['Amsterdam Centraal', 'Amsterdam Sloterdijk', 'Haarlem', 'Beverwijk', 'Castricum', 'Alkmaar', 'Den Helder'], ['Amsterdam Amstel', 'Amsterdam Zuid', 'Amsterdam Sloterdijk', 'Haarlem'], ['Den Haag Centraal', 'Leiden Centraal', 'Heemstede-Aerdenhout', 'Haarlem', 'Beverwijk', 'Castricum'], ['Amsterdam Sloterdijk', 'Zaandam', 'Castricum', 'Alkmaar', 'Hoorn']]"
3916.0,"[['Beverwijk', 'Castricum', 'Alkmaar', 'Den Helder'], ['Amsterdam Zuid', 'Amsterdam Sloterdijk', 'Haarlem', 'Beverwijk', 'Castricum', 'Alkmaar', 'Hoorn'], ['Rotterdam Centraal', 'Rotterdam Alexander', 'Gouda', 'Alphen a/d Rijn'], ['Rotterdam Centraal', 'Rotterdam Alexander', 'Gouda'], ['Amsterdam Sloterdijk', 'Zaandam', 'Castricum', 'Alkmaar', 'Den Helder'], ['Amsterdam Zuid', 'Amsterdam Sloterdijk', 'Haarlem', 'Beverwijk', 'Castricum'], ['Amsterdam Amstel', 'Amsterdam Centraal', 'Amsterdam Sloterdijk', 'Haarlem', 'Beverwijk', 'Castricum', 'Alkmaar']]"
3908.0,"[['Schiedam Centrum', 'Delft', 'Den Haag Centraal', 'Leiden Centraal', 'Heemstede-Aerdenhout', 'Haarlem', 'Beverwijk', 'Castricum', 'Alkmaar'], ['Amsterdam Sloterdijk', 'Haarlem', 'Beverwijk'], ['Schiedam Centrum', 'Delft', 'Den Haag Centraal', 'Leiden Centraal', 'Heemstede-Aerdenhout', 'Haarlem', 'Beverwijk', 'Castricum'], ['Amsterdam Amstel', 'Amsterdam Zuid', 'Amsterdam Sloterdijk', 'Haarlem', 'Beverwijk'], ['Amsterdam Amstel', 'Amsterdam Zuid', 'Amsterdam Sloterdijk', 'Zaandam', 'Beverwijk', 'Castricum', 'Alkmaar'], ['Delft', 'Den Haag Centraal', 'Leiden Centraal', 'Heemstede-Aerdenhout'], ['Zaandam', 'Hoorn']]"
4649.285714285714,"[['Den Haag Centraal', 'Leiden Centraal'], ['Zaandam', 'Beverwijk', 'Castricum', 'Alkmaar'], ['Den Haag Centraal', 'Gouda', 'Alphen a/d Rijn'], ['Rotterdam Centraal', 'Schiedam Centrum', 'Delft', 'Den Haag Centraal', 'Leiden Centraal', 'Heemstede-Aerdenhout', 'Haarlem', 'Beverwijk', 'Castricum', 'Alkmaar'], ['Amsterdam Amstel', 'Amsterdam Zuid', 'Amsterdam Sloterdijk', 'Haarlem', 'Beverwijk'], ['Dordrecht', 'Rotterdam Centraal', 'Schiedam Centrum', 'Delft', 'Den Haag Centraal'], ['Schiedam Centrum', 'Delft', 'Den Haag Centraal', 'Leiden Centraal', 'Heemstede-Aerdenhout', 'Haarlem', 'Beverwijk', 'Castricum']]"
4540.285714285714,"[['Amsterdam Zuid', 'Amsterdam Sloterdijk', 'Zaandam', 'Beverwijk', 'Castricum', 'Alkmaar', 'Den Helder'], ['Leiden Centraal', 'Heemstede-Aerdenhout', 'Haarlem', 'Beverwijk', 'Castricum', 'Alkmaar', 'Den Helder'], ['Den Haag Centraal', 'Leiden Centraal', 'Heemstede-Aerdenhout', 'Haarlem', 'Beverwijk', 'Castricum'], ['Den Haag Centraal', 'Leiden Centraal', 'Heemstede-Aerdenhout', 'Haarlem'], ['Rotterdam Centraal', 'Rotterdam Alexander', 'Gouda', 'Alphen a/d Rijn'], ['Amsterdam Zuid', 'Amsterdam Sloterdijk', 'Haarlem', 'Beverwijk', 'Castricum', 'Alkmaar'], ['Amsterdam Centraal', 'Amsterdam Sloterdijk', 'Zaandam', 'Beverwijk', 'Castricum', 'Alkmaar', 'Hoorn']]"
4390.142857142857,"[['Leiden Centraal', 'Heemstede-Aerdenhout'], ['Delft', 'Den Haag Centraal', 'Leiden Centraal', 'Heemstede-Aerdenhout', 'Haarlem', 'Beverwijk', 'Castricum'], ['Dordrecht', 'Rotterdam Centraal', 'Rotterdam Alexander', 'Gouda'], ['Rotterdam Centraal', 'Schiedam Centrum', 'Delft', 'Den Haag Centraal', 'Leiden Centraal', 'Alphen a/d Rijn'], ['Amsterdam Sloterdijk', 'Zaandam'], ['Rotterdam Centraal', 'Schiedam Centrum', 'Delft', 'Den Haag Centraal', 'Leiden Centraal', 'Heemstede-Aerdenhout', 'Haarlem'], ['Castricum', 'Alkmaar', 'Hoorn']]"
5249.571428571429,"[['Amsterdam Centraal', 'Amsterdam Sloterdijk', 'Zaandam', 'Beverwijk'], ['Schiedam Centrum', 'Delft', 'Den Haag Centraal', 'Leiden Centraal', 'Heemstede-Aerdenhout', 'Haarlem', 'Beverwijk', 'Castricum', 'Alkmaar', 'Hoorn'], ['Amsterdam Amstel', 'Amsterdam Centraal', 'Amsterdam Sloterdijk', 'Haarlem', 'Beverwijk', 'Castricum', 'Alkmaar', 'Hoorn'], ['Amsterdam Zuid', 'Amsterdam Sloterdijk', 'Zaandam'], ['Amsterdam Amstel', 'Amsterdam Zuid', 'Amsterdam Sloterdijk', 'Zaandam', 'Castricum', 'Alkmaar', 'Hoorn'], ['Amsterdam Amstel', 'Amsterdam Centraal', 'Amsterdam Sloterdijk', 'Haarlem', 'Beverwijk', 'Castricum'], ['Amsterdam Sloterdijk', 'Zaandam', 'Beverwijk', 'Castricum', 'Alkmaar', 'Den Helder']]"
3324.7142857142853,"[['Leiden Centraal', 'Heemstede-Aerdenhout', 'Haarlem', 'Beverwijk', 'Castricum', 'Alkmaar', 'Den Helder'], ['Leiden Centraal', 'Heemstede-Aerdenhout', 'Haarlem'], ['Amsterdam Centraal', 'Amsterdam Sloterdijk', 'Zaandam', 'Beverwijk', 'Castricum'], ['Amsterdam Sloterdijk', 'Haarlem', 'Beverwijk', 'Castricum'], ['Amsterdam Sloterdijk', 'Zaandam', 'Beverwijk', 'Castricum'], ['Schiedam Centrum', 'Delft'], ['Rotterdam Centraal', 'Rotterdam Alexander']]"
4512.285714285714,"[['Amsterdam Zuid', 'Amsterdam Sloterdijk', 'Haarlem'], ['Amsterdam Amstel', 'Amsterdam Centraal', 'Amsterdam Sloterdijk', 'Zaandam', 'Beverwijk', 'Castricum', 'Alkmaar', 'Den Helder'], ['Schiedam Centrum', 'Delft', 'Den Haag Centraal', 'Leiden Centraal', 'Heemstede-Aerdenhout', 'Haarlem', 'Beverwijk', 'Castricum', 'Alkmaar', 'Hoorn'], ['Amsterdam Amstel', 'Amsterdam Centraal', 'Amsterdam Sloterdijk'], ['Amsterdam Amstel', 'Amsterdam Centraal', 'Amsterdam Sloterdijk', 'Haarlem', 'Beverwijk', 'Castricum', 'Alkmaar', 'Hoorn'], ['Amsterdam Sloterdijk', 'Zaandam', 'Beverwijk', 'Castricum', 'Alkmaar', 'Den Helder'], ['Amsterdam Zuid', 'Amsterdam Sloterdijk', 'Zaandam', 'Beverwijk', 'Castricum', 'Alkmaar']]"
6476.0,"[['Amsterdam Sloterdijk', 'Haarlem', 'Beverwijk', 'Castricum'], ['Amsterdam Amstel', 'Amsterdam Zuid', 'Schiphol Airport'], ['Amsterdam Amstel', 'Amsterdam Centraal', 'Amsterdam Sloterdijk'], ['Alkmaar', 'Den Helder'], ['Dordrecht', 'Rotterdam Centraal', 'Schiedam Centrum', 'Delft', 'Den Haag Centraal', 'Leiden Centraal', 'Heemstede-Aerdenhout', 'Haarlem', 'Beverwijk'], ['Delft', 'Den Haag Centraal', 'Gouda', 'Alphen a/d Rijn'], ['Amsterdam Zuid', 'Amsterdam Sloterdijk', 'Zaandam', 'Castricum', 'Alkmaar', 'Den Helder']]"
4265.142857142857,"[['Amsterdam Zuid', 'Amsterdam Sloterdijk', 'Zaandam', 'Beverwijk'], ['Haarlem', 'Beverwijk', 'Castricum', 'Alkmaar', 'Den Helder'], ['Amsterdam Centraal', 'Amsterdam Sloterdijk', 'Zaandam', 'Beverwijk', 'Castricum', 'Alkmaar', 'Den Helder'], ['Schiedam Centrum', 'Delft', 'Den Haag Centraal', 'Gouda'], ['Den Haag Centraal', 'Leiden Centraal', 'Schiphol Airport'], ['Delft', 'Den Haag Centraal', 'Leiden Centraal', 'Heemstede-Aerdenhout', 'Haarlem', 'Beverwijk', 'Castricum'], ['Haarlem', 'Beverwijk', 'Castricum', 'Alkmaar']]"
4698.285714285714,"[['Alkmaar', 'Hoorn'], ['Rotterdam Centraal', 'Schiedam Centrum', 'Delft', 'Den Haag Centraal', 'Leiden Centraal', 'Heemstede-Aerdenhout', 'Haarlem', 'Beverwijk', 'Castricum', 'Alkmaar'], ['Den Haag Centraal', 'Leiden Centraal', 'Schiphol Airport'], ['Leiden Centraal', 'Schiphol Airport'], ['Zaandam', 'Castricum', 'Alkmaar', 'Hoorn'], ['Beverwijk', 'Castricum', 'Alkmaar', 'Den Helder'], ['Amsterdam Amstel', 'Amsterdam Zuid', 'Amsterdam Sloterdijk', 'Zaandam', 'Castricum', 'Alkmaar']]"
3543.857142857143,"[['Delft', 'Den Haag Centraal', 'Leiden Centraal', 'Heemstede-Aerdenhout', 'Haarlem', 'Beverwijk', 'Castricum', 'Alkmaar', 'Den Helder'], ['Amsterdam Zuid', 'Amsterdam Sloterdijk', 'Zaandam', 'Beverwijk', 'Castricum'], ['Amsterdam Zuid', 'Amsterdam Sloterdijk', 'Zaandam', 'Castricum', 'Alkmaar'], ['Amsterdam Zuid', 'Amsterdam Sloterdijk', 'Haarlem', 'Beverwijk'], ['Delft', 'Den Haag Centraal', 'Leiden Centraal', 'Heemstede-Aerdenhout', 'Haarlem', 'Beverwijk', 'Castricum'], ['Amsterdam Sloterdijk', 'Zaandam'], ['Amsterdam Zuid', 'Amsterdam Sloterdijk', 'Haarlem', 'Beverwijk', 'Castricum']]"
4441.142857142857,"[['Amsterdam Amstel', 'Amsterdam Zuid'], ['Amsterdam Zuid', 'Amsterdam Sloterdijk', 'Haarlem', 'Beverwijk'], ['Amsterdam Amstel', 'Amsterdam Zuid', 'Amsterdam Sloterdijk'], ['Amsterdam Centraal', 'Amsterdam Sloterdijk', 'Zaandam', 'Beverwijk', 'Castricum', 'Alkmaar', 'Hoorn'], ['Den Haag Centraal', 'Leiden Centraal', 'Schiphol Airport'], ['Rotterdam Centraal', 'Rotterdam Alexander'], ['Leiden Centraal', 'Heemstede-Aerdenhout', 'Haarlem']]"
3618.857142857143,"[['Amsterdam Centraal', 'Amsterdam Sloterdijk', 'Zaandam', 'Castricum', 'Alkmaar'], ['Amsterdam Zuid', 'Amsterdam Sloterdijk', 'Zaandam', 'Castricum', 'Alkmaar'], ['Amsterdam Centraal', 'Amsterdam Sloterdijk', 'Zaandam'], ['Schiedam Centrum', 'Delft', 'Den Haag Centraal', 'Leiden Centraal', 'Heemstede-Aerdenhout', 'Haarlem', 'Beverwijk', 'Castricum'], ['Haarlem', 'Beverwijk', 'Castricum', 'Alkmaar', 'Den Helder'], ['Haarlem', 'Beverwijk', 'Castricum', 'Alkmaar'], ['Heemstede-Aerdenhout', 'Haarlem', 'Beverwijk', 'Castricum', 'Alkmaar']]"
3581.857142857143,"[['Amsterdam Zuid', 'Amsterdam Sloterdijk', 'Haarlem', 'Beverwijk', 'Castricum', 'Alkmaar', 'Hoorn'], ['Delft', 'Den Haag Centraal', 'Leiden Centraal', 'Alphen a/d Rijn'], ['Amsterdam Amstel', 'Amsterdam Zuid', 'Amsterdam Sloterdijk', 'Haarlem', 'Beverwijk', 'Castricum', 'Alkmaar', 'Hoorn'], ['Zaandam', 'Beverwijk', 'Castricum'], ['Amsterdam Amstel', 'Amsterdam Zuid', 'Amsterdam Sloterdijk', 'Zaandam'], ['Amsterdam Sloterdijk', 'Zaandam', 'Castricum', 'Alkmaar', 'Hoorn'], ['Delft', 'Den Haag Centraal']]"
4357.142857142857,"[['Amsterdam Centraal', 'Amsterdam Sloterdijk', 'Zaandam', 'Beverwijk'], ['Leiden Centraal', 'Alphen a/d Rijn'], ['Delft', 'Den Haag Centraal', 'Leiden Centraal', 'Heemstede-Aerdenhout', 'Haarlem', 'Beverwijk'], ['Leiden Centraal', 'Heemstede-Aerdenhout', 'Haarlem', 'Beverwijk', 'Castricum'], ['Dordrecht', 'Rotterdam Centraal', 'Schiedam Centrum', 'Delft'], ['Dordrecht', 'Rotterdam Centraal', 'Schiedam Centrum', 'Delft', 'Den Haag Centraal', 'Gouda'], ['Rotterdam Centraal', 'Schiedam Centrum', 'Delft', 'Den Haag Centraal', 'Leiden Centraal', 'Schiphol Airport']]"
4021.0,"[['Amsterdam Zuid', 'Amsterdam Sloterdijk'], ['Amsterdam Sloterdijk', 'Zaandam'], ['Alkmaar', 'Hoorn'], ['Amsterdam Amstel', 'Amsterdam Zuid', 'Amsterdam Sloterdijk', 'Haarlem', 'Beverwijk', 'Castricum', 'Alkmaar', 'Den Helder'], ['Amsterdam Amstel', 'Amsterdam Centraal', 'Amsterdam Sloterdijk', 'Haarlem'], ['Amsterdam Sloterdijk', 'Zaandam', 'Beverwijk', 'Castricum', 'Alkmaar', 'Hoorn'], ['Schiedam Centrum', 'Delft', 'Den Haag Centraal']]"
4318.142857142857,"[['Dordrecht', 'Rotterdam Centraal', 'Schiedam Centrum', 'Delft', 'Den Haag Centraal', 'Leiden Centraal', 'Heemstede-Aerdenhout', 'Haarlem', 'Beverwijk'], ['Amsterdam Centraal', 'Amsterdam Sloterdijk', 'Zaandam', 'Castricum'], ['Amsterdam Sloterdijk', 'Zaandam', 'Castricum'], ['Schiedam Centrum', 'Delft', 'Den Haag Centraal', 'Leiden Centraal', 'Alphen a/d Rijn'], ['Rotterdam Centraal', 'Schiedam Centrum', 'Delft', 'Den Haag Centraal', 'Leiden Centraal', 'Heemstede-Aerdenhout', 'Haarlem', 'Beverwijk', 'Castricum'], ['Zaandam', 'Castricum', 'Alkmaar', 'Hoorn'], ['Schiedam Centrum', 'Delft', 'Den Haag Centraal', 'Leiden Centraal']]"
4657.285714285714,"[['Heemstede-Aerdenhout', 'Haarlem', 'Beverwijk'], ['Amsterdam Centraal', 'Amsterdam Sloterdijk', 'Zaandam', 'Castricum', 'Alkmaar', 'Hoorn'], ['Zaandam', 'Beverwijk', 'Castricum', 'Alkmaar'], ['Schiedam Centrum', 'Delft', 'Den Haag Centraal', 'Leiden Centraal', 'Heemstede-Aerdenhout', 'Haarlem', 'Beverwijk', 'Castricum', 'Alkmaar', 'Hoorn'], ['Dordrecht', 'Rotterdam Centraal', 'Schiedam Centrum', 'Delft', 'Den Haag Centraal', 'Leiden Centraal', 'Schiphol Airport'], ['Amsterdam Centraal', 'Amsterdam Sloterdijk', 'Zaandam', 'Beverwijk'], ['Zaandam', 'Castricum']]"
2939.5714285714284,"[['Haarlem', 'Beverwijk', 'Castricum', 'Alkmaar', 'Den Helder'], ['Amsterdam Sloterdijk', 'Haarlem', 'Beverwijk', 'Castricum', 'Alkmaar', 'Hoorn'], ['Dordrecht', 'Rotterdam Centraal', 'Schiedam Centrum', 'Delft'], ['Haarlem', 'Beverwijk'], ['Amsterdam Centraal', 'Amsterdam Sloterdijk', 'Haarlem', 'Beverwijk', 'Castricum', 'Alkmaar'], ['Amsterdam Amstel', 'Amsterdam Centraal', 'Amsterdam Sloterdijk', 'Haarlem'], ['Dordrecht', 'Rotterdam Centraal']]"
6366.0,"[['Amsterdam Amstel', 'Amsterdam Centraal', 'Amsterdam Sloterdijk', 'Haarlem', 'Beverwijk', 'Castricum', 'Alkmaar', 'Den Helder'], ['Leiden Centraal', 'Alphen a/d Rijn'], ['Dordrecht', 'Rotterdam Centraal', 'Schiedam Centrum', 'Delft', 'Den Haag Centraal'], ['Amsterdam Zuid', 'Amsterdam Sloterdijk', 'Haarlem', 'Beverwijk', 'Castricum', 'Alkmaar'], ['Schiedam Centrum', 'Delft', 'Den Haag Centraal', 'Leiden Centraal', 'Heemstede-Aerdenhout', 'Haarlem', 'Beverwijk', 'Castricum', 'Alkmaar', 'Hoorn'], ['Amsterdam Sloterdijk', 'Zaandam', 'Castricum', 'Alkmaar', 'Hoorn'], ['Delft', 'Den Haag Centraal', 'Gouda', 'Alphen a/d Rijn']]"
4862.428571428571,"[['Haarlem', 'Beverwijk', 'Castricum', 'Alkmaar', 'Hoorn'], ['Den Haag Centraal', 'Gouda', 'Alphen a/d Rijn'], ['Amsterdam Centraal', 'Amsterdam Sloterdijk', 'Zaandam', 'Beverwijk', 'Castricum', 'Alkmaar', 'Den Helder'], ['Amsterdam Sloterdijk', 'Zaandam', 'Beverwijk', 'Castricum', 'Alkmaar', 'Hoorn'], ['Amsterdam Amstel', 'Amsterdam Centraal', 'Amsterdam Sloterdijk', 'Zaandam', 'Hoorn'], ['Amsterdam Amstel', 'Amsterdam Centraal', 'Amsterdam Sloterdijk', 'Zaandam', 'Beverwijk', 'Castricum', 'Alkmaar', 'Den Helder'], ['Schiedam Centrum', 'Delft', 'Den Haag Centraal', 'Leiden Centraal', 'Heemstede-Aerdenhout', 'Haarlem', 'Beverwijk', 'Castricum', 'Alkmaar']]"
3917.0,"[['Beverwijk', 'Castricum', 'Alkmaar', 'Den Helder'], ['Amsterdam Centraal', 'Amsterdam Sloterdijk', 'Zaandam'], ['Zaandam', 'Beverwijk', 'Castricum', 'Alkmaar', 'Hoorn'], ['Zaandam', 'Beverwijk'], ['Dordrecht', 'Rotterdam Centraal', 'Rotterdam Alexander'], ['Delft', 'Den Haag Centraal', 'Leiden Centraal', 'Heemstede-Aerdenhout', 'Haarlem', 'Beverwijk', 'Castricum', 'Alkmaar', 'Den Helder'], ['Haarlem', 'Beverwijk', 'Castricum', 'Alkmaar', 'Den Helder']]"
3176.7142857142853,"[['Zaandam', 'Beverwijk', 'Castricum', 'Alkmaar', 'Den Helder'], ['Amsterdam Sloterdijk', 'Zaandam', 'Beverwijk'], ['Amsterdam Amstel', 'Amsterdam Centraal', 'Amsterdam Sloterdijk', 'Haarlem', 'Beverwijk'], ['Amsterdam Sloterdijk', 'Haarlem', 'Beverwijk', 'Castricum', 'Alkmaar', 'Hoorn'], ['Amsterdam Amstel', 'Amsterdam Centraal', 'Amsterdam Sloterdijk', 'Zaandam', 'Beverwijk', 'Castricum', 'Alkmaar', 'Hoorn'], ['Amsterdam Sloterdijk', 'Zaandam', 'Castricum', 'Alkmaar', 'Den Helder'], ['Amsterdam Zuid', 'Amsterdam Sloterdijk', 'Haarlem']]"
6124.857142857143,"[['Amsterdam Zuid', 'Schiphol Airport'], ['Rotterdam Centraal', 'Schiedam Centrum', 'Delft', 'Den Haag Centraal', 'Leiden Centraal', 'Heemstede-Aerdenhout', 'Haarlem', 'Beverwijk'], ['Schiedam Centrum', 'Delft', 'Den Haag Centraal', 'Gouda'], ['Dordrecht', 'Rotterdam Centraal', 'Schiedam Centrum', 'Delft', 'Den Haag Centraal', 'Leiden Centraal', 'Schiphol Airport'], ['Amsterdam Amstel', 'Amsterdam Zuid', 'Amsterdam Sloterdijk', 'Zaandam', 'Beverwijk', 'Castricum'], ['Amsterdam Amstel', 'Amsterdam Centraal', 'Amsterdam Sloterdijk', 'Zaandam', 'Castricum', 'Alkmaar'], ['Amsterdam Zuid', 'Amsterdam Sloterdijk', 'Zaandam']]"
4955.428571428571,"[['Rotterdam Centraal', 'Schiedam Centrum', 'Delft', 'Den Haag Centraal', 'Leiden Centraal', 'Heemstede-Aerdenhout', 'Haarlem', 'Beverwijk', 'Castricum', 'Alkmaar'], ['Amsterdam Sloterdijk', 'Zaandam', 'Beverwijk'], ['Amsterdam Centraal', 'Amsterdam Sloterdijk', 'Haarlem', 'Beverwijk', 'Castricum'], ['Amsterdam Amstel', 'Amsterdam Zuid', 'Amsterdam Sloterdijk', 'Zaandam', 'Castricum', 'Alkmaar'], ['Amsterdam Amstel', 'Amsterdam Zuid', 'Amsterdam Sloterdijk', 'Haarlem', 'Beverwijk', 'Castricum', 'Alkmaar', 'Den Helder'], ['Amsterdam Zuid', 'Amsterdam Sloterdijk', 'Haarlem', 'Beverwijk', 'Castricum'], ['Den Haag Centraal', 'Leiden Centraal', 'Heemstede-Aerdenhout']]"
3941.0,"[['Delft', 'Den Haag Centraal', 'Leiden Centraal', 'Heemstede-Aerdenhout', 'Haarlem', 'Beverwijk', 'Castricum', 'Alkmaar'], ['Rotterdam Centraal', 'Schiedam Centrum', 'Delft', 'Den Haag Centraal', 'Gouda'], ['Rotterdam Centraal', 'Schiedam Centrum', 'Delft', 'Den Haag Centraal', 'Leiden Centraal'], ['Amsterdam Sloterdijk', 'Zaandam', 'Hoorn'], ['Heemstede-Aerdenhout', 'Haarlem', 'Beverwijk', 'Castricum', 'Alkmaar', 'Den Helder'], ['Haarlem', 'Beverwijk', 'Castricum', 'Alkmaar'], ['Zaandam', 'Beverwijk', 'Castricum', 'Alkmaar']]"
4952.428571428571,"[['Amsterdam Sloterdijk', 'Haarlem', 'Beverwijk', 'Castricum', 'Alkmaar', 'Den Helder'], ['Zaandam', 'Castricum', 'Alkmaar', 'Hoorn'], ['Heemstede-Aerdenhout', 'Haarlem', 'Beverwijk', 'Castricum'], ['Rotterdam Centraal', 'Schiedam Centrum', 'Delft', 'Den Haag Centraal', 'Leiden Centraal', 'Alphen a/d Rijn'], ['Zaandam', 'Castricum', 'Alkmaar'], ['Den Haag Centraal', 'Leiden Centraal', 'Heemstede-Aerdenhout', 'Haarlem', 'Beverwijk', 'Castricum', 'Alkmaar', 'Hoorn'], ['Amsterdam Amstel', 'Amsterdam Zuid', 'Amsterdam Sloterdijk', 'Zaandam', 'Castricum', 'Alkmaar', 'Den Helder']]"
5295.571428571429,"[['Amsterdam Zuid', 'Amsterdam Sloterdijk', 'Zaandam', 'Hoorn'], ['Rotterdam Centraal', 'Schiedam Centrum', 'Delft', 'Den Haag Centraal', 'Leiden Centraal', 'Heemstede-Aerdenhout', 'Haarlem', 'Beverwijk', 'Castricum', 'Alkmaar'], ['Amsterdam Amstel', 'Amsterdam Zuid', 'Amsterdam Sloterdijk', 'Haarlem', 'Beverwijk', 'Castricum', 'Alkmaar', 'Den Helder'], ['Zaandam', 'Beverwijk', 'Castricum', 'Alkmaar'], ['Delft', 'Den Haag Centraal', 'Leiden Centraal', 'Heemstede-Aerdenhout', 'Haarlem', 'Beverwijk', 'Castricum', 'Alkmaar'], ['Heemstede-Aerdenhout', 'Haarlem'], ['Amsterdam Amstel', 'Amsterdam Centraal', 'Amsterdam Sloterdijk', 'Zaandam', 'Beverwijk']]"
4368.142857142857,"[['Amsterdam Zuid', 'Amsterdam Sloterdijk', 'Zaandam'], ['Amsterdam Amstel', 'Amsterdam Centraal', 'Amsterdam Sloterdijk', 'Haarlem', 'Beverwijk'], ['Zaandam', 'Castricum'], ['Amsterdam Centraal', 'Amsterdam Sloterdijk', 'Haarlem'], ['Amsterdam Zuid', 'Amsterdam Sloterdijk', 'Zaandam', 'Hoorn'], ['Delft', 'Den Haag Centraal', 'Gouda', 'Alphen a/d Rijn'], ['Amsterdam Amstel', 'Amsterdam Zuid', 'Amsterdam Sloterdijk', 'Haarlem', 'Beverwijk', 'Castricum', 'Alkmaar', 'Hoorn']]"
3159.7142857142853,"[['Amsterdam Amstel', 'Amsterdam Zuid', 'Amsterdam Sloterdijk', 'Haarlem', 'Beverwijk', 'Castricum', 'Alkmaar', 'Hoorn'], ['Amsterdam Sloterdijk', 'Haarlem', 'Beverwijk', 'Castricum', 'Alkmaar', 'Hoorn'], ['Amsterdam Zuid', 'Amsterdam Sloterdijk', 'Haarlem', 'Beverwijk', 'Castricum', 'Alkmaar', 'Hoorn'], ['Zaandam', 'Beverwijk', 'Castricum', 'Alkmaar', 'Den Helder'], ['Beverwijk', 'Castricum', 'Alkmaar', 'Den Helder'], ['Rotterdam Centraal', 'Rotterdam Alexander', 'Gouda'], ['Amsterdam Centraal', 'Amsterdam Sloterdijk']]"
5024.428571428571,"[['Amsterdam Amstel', 'Amsterdam Centraal', 'Amsterdam Sloterdijk', 'Zaandam', 'Castricum'], ['Rotterdam Centraal', 'Schiedam Centrum', 'Delft', 'Den Haag Centraal', 'Leiden Centraal', 'Heemstede-Aerdenhout'], ['Amsterdam Amstel', 'Amsterdam Centraal', 'Amsterdam Sloterdijk', 'Zaandam', 'Castricum', 'Alkmaar'], ['Amsterdam Amstel', 'Amsterdam Zuid', 'Amsterdam Sloterdijk'], ['Schiedam Centrum', 'Delft', 'Den Haag Centraal', 'Leiden Centraal', 'Heemstede-Aerdenhout', 'Haarlem', 'Beverwijk', 'Castricum'], ['Rotterdam Centraal', 'Schiedam Centrum', 'Delft', 'Den Haag Centraal', 'Leiden Centraal', 'Alphen a/d Rijn'], ['Dordrecht', 'Rotterdam Centraal', 'Schiedam Centrum', 'Delft', 'Den Haag Centraal', 'Leiden Centraal', 'Heemstede-Aerdenhout']]"
3980.0,"[['Amsterdam Amstel', 'Amsterdam Centraal', 'Amsterdam Sloterdijk', 'Haarlem', 'Beverwijk', 'Castricum', 'Alkmaar'], ['Amsterdam Amstel', 'Amsterdam Centraal', 'Amsterdam Sloterdijk', 'Haarlem', 'Beverwijk', 'Castricum', 'Alkmaar', 'Hoorn'], ['Heemstede-Aerdenhout', 'Haarlem'], ['Haarlem', 'Beverwijk', 'Castricum'], ['Dordrecht', 'Rotterdam Centraal', 'Schiedam Centrum', 'Delft', 'Den Haag Centraal', 'Leiden Centraal', 'Heemstede-Aerdenhout'], ['Leiden Centraal', 'Heemstede-Aerdenhout', 'Haarlem', 'Beverwijk', 'Castricum'], ['Schiedam Centrum', 'Delft', 'Den Haag Centraal']]"
3599.857142857143,"[['Den Haag Centraal', 'Leiden Centraal'], ['Den Haag Centraal', 'Gouda'], ['Heemstede-Aerdenhout', 'Haarlem', 'Beverwijk', 'Castricum', 'Alkmaar', 'Hoorn'], ['Amsterdam Sloterdijk', 'Zaandam', 'Beverwijk', 'Castricum', 'Alkmaar'], ['Amsterdam Amstel', 'Amsterdam Zuid'], ['Amsterdam Centraal', 'Amsterdam Sloterdijk', 'Haarlem', 'Beverwijk', 'Castricum', 'Alkmaar', 'Hoorn'], ['Amsterdam Amstel', 'Amsterdam Zuid', 'Amsterdam Sloterdijk', 'Zaandam', 'Beverwijk', 'Castricum', 'Alkmaar', 'Hoorn']]"
4528.285714285714,"[['Dordrecht', 'Rotterdam Centraal', 'Schiedam Centrum', 'Delft', 'Den Haag Centraal', 'Leiden Centraal', 'Heemstede-Aerdenhout', 'Haarlem', 'Beverwijk', 'Castricum', 'Alkmaar'], ['Zaandam', 'Beverwijk', 'Castricum', 'Alkmaar'], ['Amsterdam Centraal', 'Amsterdam Sloterdijk', 'Haarlem', 'Beverwijk'], ['Den Haag Centraal', 'Leiden Centraal', 'Heemstede-Aerdenhout', 'Haarlem', 'Beverwijk', 'Castricum', 'Alkmaar', 'Den Helder'], ['Dordrecht', 'Rotterdam Centraal', 'Schiedam Centrum', 'Delft', 'Den Haag Centraal', 'Gouda', 'Alphen a/d Rijn'], ['Delft', 'Den Haag Centraal', 'Gouda'], ['Schiedam Centrum', 'Delft', 'Den Haag Centraal', 'Leiden Centraal', 'Heemstede-Aerdenhout', 'Haarlem', 'Beverwijk', 'Castricum']]"
3329.7142857142853,"[['Delft', 'Den Haag Centraal', 'Leiden Centraal', 'Heemstede-Aerdenhout', 'Haarlem', 'Beverwijk'], ['Rotterdam Alexander', 'Gouda'], ['Amsterdam Amstel', 'Amsterdam Zuid', 'Amsterdam Sloterdijk', 'Zaandam', 'Hoorn'], ['Beverwijk', 'Castricum'], ['Leiden Centraal', 'Heemstede-Aerdenhout'], ['Schiedam Centrum', 'Delft', 'Den Haag Centraal', 'Leiden Centraal', 'Heemstede-Aerdenhout', 'Haarlem', 'Beverwijk'], ['Leiden Centraal', 'Heemstede-Aerdenhout', 'Haarlem', 'Beverwijk']]"
4064.0,"[['Rotterdam Alexander', 'Gouda'], ['Rotterdam Centraal', 'Rotterdam Alexander'], ['Amsterdam Zuid', 'Amsterdam Sloterdijk', 'Zaandam', 'Castricum', 'Alkmaar'], ['Amsterdam Zuid', 'Schiphol Airport'], ['Amsterdam Amstel', 'Amsterdam Centraal', 'Amsterdam Sloterdijk', 'Zaandam', 'Castricum', 'Alkmaar', 'Hoorn'], ['Heemstede-Aerdenhout', 'Haarlem', 'Beverwijk', 'Castricum'], ['Amsterdam Centraal', 'Amsterdam Sloterdijk', 'Zaandam', 'Castricum', 'Alkmaar', 'Den Helder']]"
4366.142857142857,"[['Rotterdam Centraal', 'Schiedam Centrum', 'Delft', 'Den Haag Centraal', 'Leiden Centraal'], ['Amsterdam Sloterdijk', 'Haarlem', 'Beverwijk', 'Castricum', 'Alkmaar', 'Hoorn'], ['Amsterdam Zuid', 'Amsterdam Sloterdijk', 'Zaandam', 'Beverwijk', 'Castricum'], ['Heemstede-Aerdenhout', 'Haarlem', 'Beverwijk', 'Castricum'], ['Heemstede-Aerdenhout', 'Haarlem'], ['Amsterdam Amstel', 'Amsterdam Zuid', 'Amsterdam Sloterdijk', 'Zaandam', 'Castricum', 'Alkmaar'], ['Amsterdam Zuid', 'Amsterdam Sloterdijk', 'Haarlem']]"
4007.0,"[['Beverwijk', 'Castricum'], ['Amsterdam Amstel', 'Amsterdam Zuid', 'Amsterdam Sloterdijk', 'Haarlem', 'Beverwijk', 'Castricum', 'Alkmaar', 'Hoorn'], ['Zaandam', 'Beverwijk', 'Castricum', 'Alkmaar'], ['Rotterdam Centraal', 'Schiedam Centrum', 'Delft'], ['Schiedam Centrum', 'Delft', 'Den Haag Centraal', 'Gouda'], ['Amsterdam Zuid', 'Amsterdam Sloterdijk', 'Zaandam'], ['Rotterdam Centraal', 'Schiedam Centrum', 'Delft', 'Den Haag Centraal', 'Gouda', 'Alphen a/d Rijn']]"
4285.142857142857,"[['Zaandam', 'Beverwijk', 'Castricum', 'Alkmaar', 'Hoorn'], ['Amsterdam Amstel', 'Amsterdam Zuid', 'Amsterdam Sloterdijk', 'Zaandam', 'Beverwijk', 'Castricum'], ['Amsterdam Zuid', 'Amsterdam Sloterdijk', 'Haarlem', 'Beverwijk', 'Castricum'], ['Amsterdam Sloterdijk', 'Zaandam', 'Castricum', 'Alkmaar'], ['Schiedam Centrum', 'Delft', 'Den Haag Centraal', 'Leiden Centraal', 'Schiphol Airport'], ['Amsterdam Amstel', 'Amsterdam Zuid', 'Amsterdam Sloterdijk', 'Zaandam', 'Beverwijk', 'Castricum', 'Alkmaar'], ['Heemstede-Aerdenhout', 'Haarlem', 'Beverwijk']]"
3674.857142857143,"[['Amsterdam Amstel', 'Amsterdam Centraal', 'Amsterdam Sloterdijk', 'Zaandam', 'Beverwijk', 'Castricum'], ['Amsterdam Zuid', 'Amsterdam Sloterdijk', 'Zaandam', 'Castricum', 'Alkmaar', 'Hoorn'], ['Amsterdam Amstel', 'Amsterdam Zuid', 'Amsterdam Sloterdijk', 'Haarlem', 'Beverwijk', 'Castricum', 'Alkmaar'], ['Leiden Centraal', 'Alphen a/d Rijn'], ['Amsterdam Amstel', 'Amsterdam Centraal', 'Amsterdam Sloterdijk', 'Haarlem'], ['Amsterdam Amstel', 'Amsterdam Centraal'], ['Zaandam', 'Castricum', 'Alkmaar']]"
3360.7142857142853,"[['Amsterdam Amstel', 'Amsterdam Zuid', 'Schiphol Airport'], ['Den Haag Centraal', 'Leiden Centraal'], ['Amsterdam Centraal', 'Amsterdam Sloterdijk', 'Haarlem'], ['Heemstede-Aerdenhout', 'Haarlem', 'Beverwijk', 'Castricum', 'Alkmaar', 'Den Helder'], ['Beverwijk', 'Castricum', 'Alkmaar'], ['Zaandam', 'Castricum', 'Alkmaar', 'Hoorn'], ['Castricum', 'Alkmaar', 'Hoorn']]"
3992.0,"[['Castricum', 'Alkmaar', 'Den Helder'], ['Zaandam', 'Beverwijk', 'Castricum', 'Alkmaar'], ['Amsterdam Zuid', 'Amsterdam Sloterdijk'], ['Amsterdam Sloterdijk', 'Zaandam', 'Beverwijk', 'Castricum', 'Alkmaar'], ['Amsterdam Amstel', 'Amsterdam Centraal', 'Amsterdam Sloterdijk', 'Zaandam', 'Castricum', 'Alkmaar', 'Den Helder'], ['Schiedam Centrum', 'Delft', 'Den Haag Centraal', 'Gouda', 'Alphen a/d Rijn'], ['Leiden Centraal', 'Heemstede-Aerdenhout']]"
3959.0,"[['Amsterdam Amstel', 'Amsterdam Centraal', 'Amsterdam Sloterdijk', 'Haarlem', 'Beverwijk', 'Castricum', 'Alkmaar', 'Hoorn'], ['Amsterdam Amstel', 'Amsterdam Zuid', 'Amsterdam Sloterdijk', 'Zaandam', 'Castricum'], ['Zaandam', 'Beverwijk', 'Castricum'], ['Amsterdam Amstel', 'Amsterdam Zuid', 'Amsterdam Sloterdijk', 'Zaandam', 'Castricum', 'Alkmaar'], ['Amsterdam Centraal', 'Amsterdam Sloterdijk', 'Zaandam', 'Hoorn'], ['Beverwijk', 'Castricum'], ['Heemstede-Aerdenhout', 'Haarlem', 'Beverwijk', 'Castricum', 'Alkmaar', 'Hoorn']]"
4530.285714285714,"[['Delft', 'Den Haag Centraal', 'Leiden Centraal', 'Alphen a/d Rijn'], ['Schiedam Centrum', 'Delft', 'Den Haag Centraal', 'Leiden Centraal', 'Heemstede-Aerdenhout', 'Haarlem', 'Beverwijk', 'Castricum', 'Alkmaar'], ['Amsterdam Centraal', 'Amsterdam Sloterdijk', 'Zaandam', 'Castricum', 'Alkmaar', 'Den Helder'], ['Amsterdam Centraal', 'Amsterdam Sloterdijk', 'Haarlem', 'Beverwijk', 'Castricum', 'Alkmaar', 'Hoorn'], ['Amsterdam Amstel', 'Amsterdam Centraal', 'Amsterdam Sloterdijk', 'Zaandam', 'Castricum', 'Alkmaar', 'Den Helder'], ['Amsterdam Amstel', 'Amsterdam Centraal', 'Amsterdam Sloterdijk', 'Haarlem', 'Beverwijk', 'Castricum', 'Alkmaar', 'Hoorn'], ['Heemstede-Aerdenhout', 'Haarlem', 'Beverwijk', 'Castricum', 'Alkmaar']]"
5317.571428571429,"[['Schiedam Centrum', 'Delft', 'Den Haag Centraal', 'Gouda', 'Alphen a/d Rijn'], ['Schiedam Centrum', 'Delft'], ['Den Haag Centraal', 'Leiden Centraal', 'Heemstede-Aerdenhout', 'Haarlem', 'Beverwijk', 'Castricum', 'Alkmaar', 'Den Helder'], ['Amsterdam Amstel', 'Amsterdam Centraal', 'Amsterdam Sloterdijk', 'Zaandam', 'Hoorn'], ['Delft', 'Den Haag Centraal'], ['Amsterdam Amstel', 'Amsterdam Centraal', 'Amsterdam Sloterdijk', 'Zaandam', 'Castricum', 'Alkmaar', 'Hoorn'], ['Rotterdam Centraal', 'Schiedam Centrum', 'Delft', 'Den Haag Centraal', 'Leiden Centraal', 'Heemstede-Aerdenhout', 'Haarlem', 'Beverwijk', 'Castricum', 'Alkmaar', 'Hoorn']]"
4691.285714285714,"[['Delft', 'Den Haag Centraal', 'Leiden Centraal', 'Schiphol Airport'], ['Amsterdam Amstel', 'Amsterdam Zuid', 'Schiphol Airport'], ['Schiedam Centrum', 'Delft', 'Den Haag Centraal', 'Gouda'], ['Dordrecht', 'Rotterdam Centraal', 'Schiedam Centrum', 'Delft', 'Den Haag Centraal', 'Leiden Centraal', 'Heemstede-Aerdenhout'], ['Schiedam Centrum', 'Delft', 'Den Haag Centraal', 'Leiden Centraal', 'Heemstede-Aerdenhout', 'Haarlem', 'Beverwijk'], ['Schiedam Centrum', 'Delft', 'Den Haag Centraal', 'Leiden Centraal'], ['Amsterdam Sloterdijk', 'Zaandam', 'Castricum', 'Alkmaar', 'Den Helder']]"
3990.0,"[['Amsterdam Centraal', 'Amsterdam Sloterdijk', 'Zaandam', 'Castricum', 'Alkmaar'], ['Amsterdam Sloterdijk', 'Zaandam', 'Beverwijk', 'Castricum', 'Alkmaar', 'Hoorn'], ['Amsterdam Zuid', 'Amsterdam Sloterdijk', 'Zaandam', 'Beverwijk', 'Castricum', 'Alkmaar', 'Den Helder'], ['Haarlem', 'Beverwijk'], ['Castricum', 'Alkmaar'], ['Schiedam Centrum', 'Delft', 'Den Haag Centraal', 'Gouda', 'Alphen a/d Rijn'], ['Delft', 'Den Haag Centraal']]"
4860.428571428571,"[['Amsterdam Amstel', 'Amsterdam Centraal', 'Amsterdam Sloterdijk', 'Zaandam', 'Castricum', 'Alkmaar', 'Den Helder'], ['Den Haag Centraal', 'Leiden Centraal', 'Heemstede-Aerdenhout', 'Haarlem', 'Beverwijk'], ['Amsterdam Amstel', 'Amsterdam Zuid', 'Amsterdam Sloterdijk', 'Zaandam', 'Hoorn'], ['Amsterdam Centraal', 'Amsterdam Sloterdijk', 'Zaandam', 'Beverwijk', 'Castricum', 'Alkmaar', 'Den Helder'], ['Zaandam', 'Beverwijk', 'Castricum', 'Alkmaar', 'Hoorn'], ['Delft', 'Den Haag Centraal', 'Leiden Centraal', 'Heemstede-Aerdenhout', 'Haarlem', 'Beverwijk', 'Castricum', 'Alkmaar', 'Hoorn'], ['Amsterdam Amstel', 'Amsterdam Zuid', 'Amsterdam Sloterdijk', 'Zaandam', 'Beverwijk']]"
4888.428571428571,"[['Delft', 'Den Haag Centraal', 'Leiden Centraal', 'Heemstede-Aerdenhout', 'Haarlem', 'Beverwijk', 'Castricum', 'Alkmaar', 'Den Helder'], ['Amsterdam Zuid', 'Amsterdam Sloterdijk', 'Zaandam', 'Hoorn'], ['Schiedam Centrum', 'Delft', 'Den Haag Centraal', 'Leiden Centraal', 'Heemstede-Aerdenhout'], ['Amsterdam Amstel', 'Amsterdam Centraal', 'Amsterdam Sloterdijk', 'Zaandam', 'Castricum', 'Alkmaar', 'Hoorn'], ['Delft', 'Den Haag Centraal', 'Leiden Centraal', 'Alphen a/d Rijn'], ['Delft', 'Den Haag Centraal', 'Leiden Centraal', 'Heemstede-Aerdenhout', 'Haarlem', 'Beverwijk', 'Castricum', 'Alkmaar', 'Hoorn'], ['Haarlem', 'Beverwijk', 'Castricum', 'Alkmaar', 'Hoorn']]"
4080.0,"[['Leiden Centraal', 'Alphen a/d Rijn'], ['Amsterdam Centraal', 'Amsterdam Sloterdijk', 'Haarlem', 'Beverwijk'], ['Dordrecht', 'Rotterdam Centraal', 'Rotterdam Alexander', 'Gouda', 'Alphen a/d Rijn'], ['Amsterdam Sloterdijk', 'Haarlem'], ['Amsterdam Amstel', 'Amsterdam Centraal', 'Amsterdam Sloterdijk'], ['Den Haag Centraal', 'Gouda', 'Alphen a/d Rijn'], ['Leiden Centraal', 'Heemstede-Aerdenhout', 'Haarlem', 'Beverwijk', 'Castricum', 'Alkmaar']]"
4710.285714285714,"[['Zaandam', 'Beverwijk'], ['Amsterdam Zuid', 'Amsterdam Sloterdijk', 'Haarlem'], ['Den Haag Centraal', 'Leiden Centraal', 'Heemstede-Aerdenhout', 'Haarlem'], ['Zaandam', 'Castricum', 'Alkmaar', 'Den Helder'], ['Beverwijk', 'Castricum', 'Alkmaar', 'Hoorn'], ['Amsterdam Amstel', 'Amsterdam Zuid', 'Amsterdam Sloterdijk', 'Zaandam', 'Castricum', 'Alkmaar', 'Hoorn'], ['Amsterdam Amstel', 'Amsterdam Centraal', 'Amsterdam Sloterdijk', 'Haarlem', 'Beverwijk']]"
3187.7142857142853,"[['Den Haag Centraal', 'Leiden Centraal'], ['Amsterdam Zuid', 'Amsterdam Sloterdijk', 'Zaandam', 'Castricum', 'Alkmaar', 'Den Helder'], ['Zaandam', 'Beverwijk', 'Castricum', 'Alkmaar', 'Hoorn'], ['Alkmaar', 'Hoorn'], ['Amsterdam Amstel', 'Amsterdam Zuid', 'Amsterdam Sloterdijk', 'Zaandam', 'Beverwijk', 'Castricum'], ['Amsterdam Amstel', 'Amsterdam Zuid', 'Amsterdam Sloterdijk', 'Zaandam', 'Castricum', 'Alkmaar', 'Hoorn'], ['Amsterdam Zuid', 'Amsterdam Sloterdijk', 'Haarlem', 'Beverwijk', 'Castricum', 'Alkmaar']]"
3567.857142857143,"[['Beverwijk', 'Castricum', 'Alkmaar', 'Hoorn'], ['Amsterdam Zuid', 'Amsterdam Sloterdijk', 'Zaandam', 'Beverwijk', 'Castricum', 'Alkmaar', 'Den Helder'], ['Amsterdam Zuid', 'Amsterdam Sloterdijk', 'Zaandam', 'Beverwijk'], ['Den Haag Centraal', 'Leiden Centraal', 'Heemstede-Aerdenhout', 'Haarlem', 'Beverwijk', 'Castricum', 'Alkmaar', 'Den Helder'], ['Amsterdam Sloterdijk', 'Zaandam', 'Beverwijk', 'Castricum'], ['Rotterdam Centraal', 'Rotterdam Alexander', 'Gouda'], ['Rotterdam Alexander', 'Gouda']]"
3570.857142857143,"[['Amsterdam Amstel', 'Amsterdam Zuid', 'Amsterdam Sloterdijk', 'Haarlem', 'Beverwijk', 'Castricum', 'Alkmaar', 'Den Helder'], ['Delft', 'Den Haag Centraal', 'Leiden Centraal', 'Heemstede-Aerdenhout', 'Haarlem', 'Beverwijk', 'Castricum'], ['Leiden Centraal', 'Heemstede-Aerdenhout'], ['Amsterdam Amstel', 'Amsterdam Centraal', 'Amsterdam Sloterdijk', 'Haarlem', 'Beverwijk', 'Castricum', 'Alkmaar'], ['Heemstede-Aerdenhout', 'Haarlem', 'Beverwijk', 'Castricum', 'Alkmaar'], ['Amsterdam Centraal', 'Amsterdam Sloterdijk', 'Haarlem', 'Beverwijk', 'Castricum'], ['Heemstede-Aerdenhout', 'Haarlem', 'Beverwijk']]"
6022.857142857143,"[['Dordrecht', 'Rotterdam Centraal', 'Rotterdam Alexander', 'Gouda'], ['Amsterdam Amstel', 'Amsterdam Centraal', 'Amsterdam Sloterdijk', 'Zaandam', 'Castricum'], ['Dordrecht', 'Rotterdam Centraal', 'Schiedam Centrum', 'Delft', 'Den Haag Centraal', 'Leiden Centraal'], ['Amsterdam Centraal', 'Amsterdam Sloterdijk', 'Haarlem', 'Beverwijk', 'Castricum', 'Alkmaar', 'Den Helder'], ['Zaandam', 'Beverwijk', 'Castricum'], ['Amsterdam Amstel', 'Amsterdam Centraal', 'Amsterdam Sloterdijk', 'Zaandam', 'Beverwijk', 'Castricum', 'Alkmaar', 'Hoorn'], ['Amsterdam Amstel', 'Amsterdam Zuid', 'Amsterdam Sloterdijk', 'Zaandam', 'Beverwijk', 'Castricum', 'Alkmaar']]"
3938.0,"[['Schiedam Centrum', 'Delft', 'Den Haag Centraal', 'Leiden Centraal', 'Schiphol Airport'], ['Amsterdam Sloterdijk', 'Zaandam', 'Beverwijk', 'Castricum', 'Alkmaar', 'Den Helder'], ['Heemstede-Aerdenhout', 'Haarlem'], ['Haarlem', 'Beverwijk', 'Castricum', 'Alkmaar', 'Den Helder'], ['Amsterdam Zuid', 'Amsterdam Sloterdijk', 'Zaandam'], ['Amsterdam Amstel', 'Amsterdam Zuid', 'Amsterdam Sloterdijk', 'Haarlem', 'Beverwijk', 'Castricum', 'Alkmaar', 'Den Helder'], ['Delft', 'Den Haag Centraal']]"
4268.142857142857,"[['Dordrecht', 'Rotterdam Centraal', 'Schiedam Centrum', 'Delft', 'Den Haag Centraal', 'Leiden Centraal', 'Heemstede-Aerdenhout', 'Haarlem', 'Beverwijk'], ['Den Haag Centraal', 'Leiden Centraal', 'Heemstede-Aerdenhout', 'Haarlem', 'Beverwijk', 'Castricum', 'Alkmaar'], ['Amsterdam Centraal', 'Amsterdam Sloterdijk', 'Zaandam'], ['Den Haag Centraal', 'Gouda'], ['Haarlem', 'Beverwijk', 'Castricum', 'Alkmaar'], ['Delft', 'Den Haag Centraal', 'Gouda', 'Alphen a/d Rijn'], ['Schiedam Centrum', 'Delft', 'Den Haag Centraal', 'Leiden Centraal', 'Heemstede-Aerdenhout', 'Haarlem', 'Beverwijk', 'Castricum', 'Alkmaar', 'Hoorn']]"
5681.714285714286,"[['Delft', 'Den Haag Centraal', 'Leiden Centraal', 'Heemstede-Aerdenhout', 'Haarlem', 'Beverwijk', 'Castricum'], ['Heemstede-Aerdenhout', 'Haarlem', 'Beverwijk', 'Castricum', 'Alkmaar', 'Hoorn'], ['Amsterdam Zuid', 'Amsterdam Sloterdijk', 'Zaandam', 'Castricum'], ['Amsterdam Centraal', 'Amsterdam Sloterdijk', 'Zaandam', 'Beverwijk'], ['Dordrecht', 'Rotterdam Centraal', 'Schiedam Centrum', 'Delft', 'Den Haag Centraal', 'Leiden Centraal', 'Heemstede-Aerdenhout', 'Haarlem', 'Beverwijk', 'Castricum'], ['Leiden Centraal', 'Schiphol Airport'], ['Amsterdam Amstel', 'Amsterdam Zuid', 'Amsterdam Sloterdijk', 'Haarlem', 'Beverwijk', 'Castricum', 'Alkmaar']]"
5328.571428571429,"[['Amsterdam Sloterdijk', 'Zaandam', 'Castricum', 'Alkmaar'], ['Amsterdam Amstel', 'Amsterdam Centraal', 'Amsterdam Sloterdijk', 'Zaandam', 'Beverwijk', 'Castricum', 'Alkmaar'], ['Den Haag Centraal', 'Leiden Centraal', 'Heemstede-Aerdenhout', 'Haarlem'], ['Rotterdam Centraal', 'Schiedam Centrum', 'Delft', 'Den Haag Centraal', 'Leiden Centraal', 'Schiphol Airport'], ['Amsterdam Zuid', 'Amsterdam Sloterdijk', 'Zaandam', 'Beverwijk', 'Castricum', 'Alkmaar', 'Den Helder'], ['Dordrecht', 'Rotterdam Centraal', 'Schiedam Centrum', 'Delft'], ['Schiedam Centrum', 'Delft', 'Den Haag Centraal', 'Leiden Centraal', 'Heemstede-Aerdenhout', 'Haarlem', 'Beverwijk', 'Castricum', 'Alkmaar']]"
4258.142857142857,"[['Den Haag Centraal', 'Leiden Centraal', 'Alphen a/d Rijn'], ['Haarlem', 'Beverwijk', 'Castricum'], ['Amsterdam Zuid', 'Amsterdam Sloterdijk', 'Haarlem', 'Beverwijk', 'Castricum', 'Alkmaar', 'Den Helder'], ['Beverwijk', 'Castricum', 'Alkmaar', 'Den Helder'], ['Den Haag Centraal', 'Leiden Centraal', 'Heemstede-Aerdenhout', 'Haarlem', 'Beverwijk', 'Castricum', 'Alkmaar', 'Hoorn'], ['Amsterdam Amstel', 'Amsterdam Centraal', 'Amsterdam Sloterdijk', 'Zaandam', 'Beverwijk'], ['Zaandam', 'Beverwijk', 'Castricum', 'Alkmaar']]"
3603.857142857143,"[['Amsterdam Centraal', 'Amsterdam Sloterdijk', 'Haarlem', 'Beverwijk'], ['Delft', 'Den Haag Centraal', 'Leiden Centraal', 'Heemstede-Aerdenhout', 'Haarlem'], ['Haarlem', 'Beverwijk', 'Castricum', 'Alkmaar', 'Hoorn'], ['Schiedam Centrum', 'Delft', 'Den Haag Centraal'], ['Alkmaar', 'Den Helder'], ['Zaandam', 'Hoorn'], ['Delft', 'Den Haag Centraal', 'Leiden Centraal', 'Heemstede-Aerdenhout', 'Haarlem', 'Beverwijk', 'Castricum', 'Alkmaar', 'Den Helder']]"
3398.7142857142853,"[['Rotterdam Centraal', 'Rotterdam Alexander', 'Gouda', 'Alphen a/d Rijn'], ['Amsterdam Amstel', 'Amsterdam Centraal', 'Amsterdam Sloterdijk', 'Zaandam'], ['Delft', 'Den Haag Centraal', 'Leiden Centraal', 'Schiphol Airport'], ['Amsterdam Zuid', 'Schiphol Airport'], ['Amsterdam Centraal', 'Amsterdam Sloterdijk'], ['Schiedam Centrum', 'Delft', 'Den Haag Centraal', 'Leiden Centraal', 'Schiphol Airport'], ['Amsterdam Sloterdijk', 'Zaandam', 'Beverwijk']]"
5026.428571428571,"[['Amsterdam Centraal', 'Amsterdam Sloterdijk', 'Haarlem', 'Beverwijk', 'Castricum', 'Alkmaar'], ['Schiedam Centrum', 'Delft', 'Den Haag Centraal', 'Leiden Centraal', 'Heemstede-Aerdenhout', 'Haarlem', 'Beverwijk', 'Castricum'], ['Dordrecht', 'Rotterdam Centraal', 'Schiedam Centrum', 'Delft', 'Den Haag Centraal', 'Leiden Centraal', 'Heemstede-Aerdenhout', 'Haarlem'], ['Amsterdam Zuid', 'Amsterdam Sloterdijk', 'Zaandam', 'Beverwijk', 'Castricum'], ['Castricum', 'Alkmaar', 'Hoorn'], ['Zaandam', 'Beverwijk'], ['Gouda', 'Alphen a/d Rijn']]"
5391.571428571429,"[['Rotterdam Centraal', 'Schiedam Centrum', 'Delft', 'Den Haag Centraal'], ['Amsterdam Amstel', 'Amsterdam Centraal', 'Amsterdam Sloterdijk', 'Zaandam', 'Beverwijk', 'Castricum', 'Alkmaar'], ['Delft', 'Den Haag Centraal', 'Gouda', 'Alphen a/d Rijn'], ['Amsterdam Centraal', 'Amsterdam Sloterdijk', 'Zaandam', 'Castricum'], ['Dordrecht', 'Rotterdam Centraal', 'Schiedam Centrum', 'Delft', 'Den Haag Centraal', 'Leiden Centraal', 'Heemstede-Aerdenhout', 'Haarlem', 'Beverwijk'], ['Dordrecht', 'Rotterdam Centraal', 'Schiedam Centrum', 'Delft', 'Den Haag Centraal', 'Leiden Centraal', 'Schiphol Airport'], ['Leiden Centraal', 'Heemstede-Aerdenhout']]"
5416.571428571429,"[['Amsterdam Sloterdijk', 'Haarlem', 'Beverwijk'], ['Amsterdam Sloterdijk', 'Zaandam'], ['Schiedam Centrum', 'Delft', 'Den Haag Centraal', 'Leiden Centraal', 'Heemstede-Aerdenhout', 'Haarlem', 'Beverwijk', 'Castricum'], ['Rotterdam Centraal', 'Rotterdam Alexander', 'Gouda'], ['Amsterdam Sloterdijk', 'Zaandam', 'Hoorn'], ['Amsterdam Sloterdijk', 'Zaandam', 'Beverwijk', 'Castricum', 'Alkmaar', 'Den Helder'], ['Dordrecht', 'Rotterdam Centraal', 'Schiedam Centrum', 'Delft', 'Den Haag Centraal', 'Gouda']]"
6415.0,"[['Dordrecht', 'Rotterdam Centraal', 'Rotterdam Alexander'], ['Amsterdam Zuid', 'Amsterdam Sloterdijk', 'Zaandam', 'Castricum', 'Alkmaar', 'Hoorn'], ['Amsterdam Centraal', 'Amsterdam Sloterdijk', 'Haarlem', 'Beverwijk'], ['Amsterdam Amstel', 'Amsterdam Centraal'], ['Schiedam Centrum', 'Delft', 'Den Haag Centraal', 'Leiden Centraal', 'Heemstede-Aerdenhout', 'Haarlem', 'Beverwijk', 'Castricum'], ['Amsterdam Amstel', 'Amsterdam Zuid', 'Amsterdam Sloterdijk', 'Zaandam', 'Beverwijk', 'Castricum', 'Alkmaar', 'Hoorn'], ['Dordrecht', 'Rotterdam Centraal', 'Schiedam Centrum', 'Delft', 'Den Haag Centraal', 'Leiden Centraal', 'Schiphol Airport']]"
4769.285714285714,"[['Rotterdam Centraal', 'Schiedam Centrum', 'Delft', 'Den Haag Centraal', 'Leiden Centraal'], ['Haarlem', 'Beverwijk', 'Castricum', 'Alkmaar'], ['Schiedam Centrum', 'Delft', 'Den Haag Centraal', 'Leiden Centraal'], ['Amsterdam Sloterdijk', 'Zaandam', 'Castricum', 'Alkmaar', 'Hoorn'], ['Amsterdam Amstel', 'Amsterdam Centraal', 'Amsterdam Sloterdijk', 'Haarlem', 'Beverwijk'], ['Amsterdam Amstel', 'Amsterdam Zuid', 'Amsterdam Sloterdijk', 'Zaandam'], ['Leiden Centraal', 'Alphen a/d Rijn']]"
4550.285714285714,"[['Amsterdam Centraal', 'Amsterdam Sloterdijk', 'Zaandam', 'Castricum', 'Alkmaar', 'Hoorn'], ['Amsterdam Amstel', 'Amsterdam Zuid', 'Amsterdam Sloterdijk', 'Zaandam', 'Castricum', 'Alkmaar', 'Den Helder'], ['Amsterdam Zuid', 'Amsterdam Sloterdijk', 'Zaandam', 'Castricum', 'Alkmaar'], ['Schiedam Centrum', 'Delft', 'Den Haag Centraal', 'Leiden Centraal'], ['Amsterdam Zuid', 'Amsterdam Sloterdijk', 'Zaandam', 'Hoorn'], ['Delft', 'Den Haag Centraal', 'Leiden Centraal', 'Heemstede-Aerdenhout', 'Haarlem', 'Beverwijk', 'Castricum', 'Alkmaar', 'Hoorn'], ['Schiedam Centrum', 'Delft', 'Den Haag Centraal', 'Leiden Centraal', 'Heemstede-Aerdenhout', 'Haarlem', 'Beverwijk', 'Castricum', 'Alkmaar']]"
4536.285714285714,"[['Amsterdam Amstel', 'Amsterdam Zuid', 'Amsterdam Sloterdijk', 'Zaandam', 'Hoorn'], ['Dordrecht', 'Rotterdam Centraal', 'Schiedam Centrum', 'Delft', 'Den Haag Centraal', 'Leiden Centraal'], ['Amsterdam Zuid', 'Amsterdam Sloterdijk', 'Zaandam', 'Beverwijk', 'Castricum'], ['Delft', 'Den Haag Centraal', 'Leiden Centraal', 'Heemstede-Aerdenhout', 'Haarlem', 'Beverwijk', 'Castricum'], ['Leiden Centraal', 'Heemstede-Aerdenhout', 'Haarlem', 'Beverwijk'], ['Heemstede-Aerdenhout', 'Haarlem', 'Beverwijk', 'Castricum', 'Alkmaar', 'Den Helder'], ['Delft', 'Den Haag Centraal', 'Leiden Centraal', 'Heemstede-Aerdenhout', 'Haarlem', 'Beverwijk', 'Castricum', 'Alkmaar', 'Den Helder']]"
6454.0,"[['Amsterdam Centraal', 'Amsterdam Sloterdijk', 'Zaandam', 'Castricum'], ['Dordrecht', 'Rotterdam Centraal', 'Rotterdam Alexander', 'Gouda'], ['Amsterdam Zuid', 'Schiphol Airport'], ['Dordrecht', 'Rotterdam Centraal', 'Schiedam Centrum', 'Delft', 'Den Haag Centraal', 'Leiden Centraal', 'Heemstede-Aerdenhout', 'Haarlem', 'Beverwijk', 'Castricum', 'Alkmaar'], ['Rotterdam Centraal', 'Schiedam Centrum'], ['Amsterdam Amstel', 'Amsterdam Zuid', 'Amsterdam Sloterdijk', 'Haarlem', 'Beverwijk', 'Castricum'], ['Amsterdam Amstel', 'Amsterdam Centraal', 'Amsterdam Sloterdijk', 'Haarlem', 'Beverwijk', 'Castricum', 'Alkmaar', 'Den Helder']]"
3565.857142857143,"[['Amsterdam Amstel', 'Amsterdam Centraal', 'Amsterdam Sloterdijk', 'Zaandam', 'Castricum', 'Alkmaar', 'Hoorn'], ['Heemstede-Aerdenhout', 'Haarlem', 'Beverwijk', 'Castricum', 'Alkmaar', 'Hoorn'], ['Amsterdam Sloterdijk', 'Zaandam', 'Castricum', 'Alkmaar'], ['Amsterdam Amstel', 'Amsterdam Centraal', 'Amsterdam Sloterdijk', 'Haarlem', 'Beverwijk', 'Castricum', 'Alkmaar', 'Den Helder'], ['Dordrecht', 'Rotterdam Centraal', 'Schiedam Centrum'], ['Amsterdam Centraal', 'Amsterdam Sloterdijk', 'Haarlem', 'Beverwijk', 'Castricum', 'Alkmaar', 'Hoorn'], ['Amsterdam Centraal', 'Amsterdam Sloterdijk', 'Haarlem']]"
5371.571428571429,"[['Amsterdam Sloterdijk', 'Zaandam', 'Castricum'], ['Amsterdam Sloterdijk', 'Haarlem', 'Beverwijk', 'Castricum'], ['Amsterdam Centraal', 'Amsterdam Sloterdijk', 'Haarlem', 'Beverwijk', 'Castricum', 'Alkmaar', 'Den Helder'], ['Dordrecht', 'Rotterdam Centraal', 'Schiedam Centrum', 'Delft', 'Den Haag Centraal', 'Leiden Centraal', 'Alphen a/d Rijn'], ['Amsterdam Amstel', 'Amsterdam Zuid', 'Amsterdam Sloterdijk', 'Zaandam', 'Castricum', 'Alkmaar'], ['Heemstede-Aerdenhout', 'Haarlem', 'Beverwijk', 'Castricum', 'Alkmaar'], ['Rotterdam Centraal', 'Schiedam Centrum', 'Delft', 'Den Haag Centraal', 'Gouda']]"
5081.428571428571,"[['Rotterdam Alexander', 'Gouda'], ['Dordrecht', 'Rotterdam Centraal', 'Schiedam Centrum', 'Delft', 'Den Haag Centraal', 'Gouda'], ['Amsterdam Sloterdijk', 'Zaandam', 'Castricum', 'Alkmaar'], ['Amsterdam Zuid', 'Amsterdam Sloterdijk', 'Zaandam', 'Castricum', 'Alkmaar', 'Hoorn'], ['Amsterdam Zuid', 'Amsterdam Sloterdijk', 'Haarlem', 'Beverwijk'], ['Amsterdam Amstel', 'Amsterdam Zuid', 'Amsterdam Sloterdijk', 'Haarlem'], ['Amsterdam Amstel', 'Amsterdam Centraal', 'Amsterdam Sloterdijk', 'Zaandam', 'Hoorn']]"
4482.285714285714,"[['Delft', 'Den Haag Centraal', 'Leiden Centraal', 'Heemstede-Aerdenhout', 'Haarlem', 'Beverwijk', 'Castricum', 'Alkmaar', 'Hoorn'], ['Heemstede-Aerdenhout', 'Haarlem', 'Beverwijk'], ['Amsterdam Amstel', 'Amsterdam Zuid', 'Amsterdam Sloterdijk', 'Haarlem', 'Beverwijk', 'Castricum', 'Alkmaar'], ['Delft', 'Den Haag Centraal', 'Leiden Centraal', 'Heemstede-Aerdenhout', 'Haarlem', 'Beverwijk', 'Castricum', 'Alkmaar'], ['Schiedam Centrum', 'Delft', 'Den Haag Centraal', 'Leiden Centraal', 'Heemstede-Aerdenhout', 'Haarlem', 'Beverwijk', 'Castricum', 'Alkmaar', 'Hoorn'], ['Zaandam', 'Beverwijk', 'Castricum', 'Alkmaar', 'Den Helder'], ['Amsterdam Sloterdijk', 'Zaandam', 'Castricum', 'Alkmaar', 'Hoorn']]"
3637.857142857143,"[['Amsterdam Amstel', 'Amsterdam Zuid'], ['Rotterdam Centraal', 'Schiedam Centrum', 'Delft', 'Den Haag Centraal', 'Gouda', 'Alphen a/d Rijn'], ['Amsterdam Sloterdijk', 'Zaandam', 'Castricum', 'Alkmaar', 'Hoorn'], ['Amsterdam Amstel', 'Amsterdam Zuid', 'Amsterdam Sloterdijk', 'Zaandam', 'Castricum', 'Alkmaar', 'Den Helder'], ['Amsterdam Zuid', 'Amsterdam Sloterdijk'], ['Amsterdam Amstel', 'Amsterdam Zuid', 'Amsterdam Sloterdijk', 'Zaandam', 'Hoorn'], ['Gouda', 'Alphen a/d Rijn']]"
3960.0,"[['Delft', 'Den Haag Centraal', 'Gouda'], ['Castricum', 'Alkmaar', 'Den Helder'], ['Dordrecht', 'Rotterdam Centraal', 'Schiedam Centrum', 'Delft', 'Den Haag Centraal', 'Leiden Centraal', 'Heemstede-Aerdenhout', 'Haarlem'], ['Dordrecht', 'Rotterdam Centraal', 'Schiedam Centrum', 'Delft', 'Den Haag Centraal', 'Gouda', 'Alphen a/d Rijn'], ['Beverwijk', 'Castricum'], ['Den Haag Centraal', 'Leiden Centraal', 'Alphen a/d Rijn'], ['Delft', 'Den Haag Centraal', 'Leiden Centraal', 'Heemstede-Aerdenhout', 'Haarlem', 'Beverwijk', 'Castricum']]"
4552.285714285714,"[['Castricum', 'Alkmaar', 'Hoorn'], ['Amsterdam Amstel', 'Amsterdam Zuid', 'Amsterdam Sloterdijk', 'Zaandam', 'Beverwijk', 'Castricum', 'Alkmaar', 'Den Helder'], ['Schiedam Centrum', 'Delft', 'Den Haag Centraal', 'Leiden Centraal', 'Heemstede-Aerdenhout', 'Haarlem', 'Beverwijk', 'Castricum', 'Alkmaar', 'Hoorn'], ['Delft', 'Den Haag Centraal', 'Leiden Centraal', 'Alphen a/d Rijn'], ['Amsterdam Sloterdijk', 'Zaandam', 'Castricum', 'Alkmaar', 'Hoorn'], ['Amsterdam Amstel', 'Amsterdam Zuid', 'Amsterdam Sloterdijk', 'Zaandam', 'Castricum', 'Alkmaar', 'Den Helder'], ['Beverwijk', 'Castricum', 'Alkmaar']]"
3966.0,"[['Leiden Centraal', 'Heemstede-Aerdenhout', 'Haarlem', 'Beverwijk', 'Castricum', 'Alkmaar'], ['Delft', 'Den Haag Centraal', 'Leiden Centraal', 'Heemstede-Aerdenhout', 'Haarlem', 'Beverwijk', 'Castricum', 'Alkmaar', 'Den Helder'], ['Rotterdam Centraal', 'Schiedam Centrum'], ['Delft', 'Den Haag Centraal', 'Leiden Centraal', 'Heemstede-Aerdenhout', 'Haarlem', 'Beverwijk'], ['Amsterdam Sloterdijk', 'Zaandam', 'Castricum'], ['Dordrecht', 'Rotterdam Centraal', 'Schiedam Centrum', 'Delft'], ['Schiedam Centrum', 'Delft', 'Den Haag Centraal', 'Leiden Centraal', 'Schiphol Airport']]"
4738.285714285714,"[['Amsterdam Sloterdijk', 'Zaandam', 'Castricum', 'Alkmaar', 'Den Helder'], ['Schiedam Centrum', 'Delft', 'Den Haag Centraal'], ['Amsterdam Centraal', 'Amsterdam Sloterdijk', 'Haarlem'], ['Delft', 'Den Haag Centraal', 'Gouda'], ['Amsterdam Centraal', 'Amsterdam Sloterdijk', 'Zaandam', 'Hoorn'], ['Amsterdam Amstel', 'Amsterdam Zuid', 'Amsterdam Sloterdijk', 'Haarlem', 'Beverwijk'], ['Dordrecht', 'Rotterdam Centraal', 'Schiedam Centrum', 'Delft', 'Den Haag Centraal', 'Leiden Centraal']]"
5238.571428571429,"[['Delft', 'Den Haag Centraal', 'Leiden Centraal', 'Heemstede-Aerdenhout', 'Haarlem', 'Beverwijk', 'Castricum', 'Alkmaar', 'Hoorn'], ['Amsterdam Amstel', 'Amsterdam Centraal', 'Amsterdam Sloterdijk', 'Zaandam', 'Beverwijk', 'Castricum', 'Alkmaar', 'Hoorn'], ['Dordrecht', 'Rotterdam Centraal', 'Schiedam Centrum', 'Delft', 'Den Haag Centraal', 'Gouda', 'Alphen a/d Rijn'], ['Rotterdam Alexander', 'Gouda', 'Alphen a/d Rijn'], ['Haarlem', 'Beverwijk', 'Castricum', 'Alkmaar'], ['Amsterdam Amstel', 'Amsterdam Centraal', 'Amsterdam Sloterdijk', 'Zaandam', 'Beverwijk', 'Castricum'], ['Schiedam Centrum', 'Delft', 'Den Haag Centraal', 'Leiden Centraal', 'Heemstede-Aerdenhout', 'Haarlem', 'Beverwijk', 'Castricum', 'Alkmaar']]"
5391.571428571429,"[['Amsterdam Sloterdijk', 'Haarlem', 'Beverwijk', 'Castricum', 'Alkmaar', 'Den Helder'], ['Schiedam Centrum', 'Delft', 'Den Haag Centraal', 'Leiden Centraal', 'Heemstede-Aerdenhout', 'Haarlem', 'Beverwijk', 'Castricum'], ['Amsterdam Amstel', 'Amsterdam Zuid', 'Schiphol Airport'], ['Amsterdam Sloterdijk', 'Haarlem', 'Beverwijk', 'Castricum', 'Alkmaar', 'Hoorn'], ['Amsterdam Amstel', 'Amsterdam Zuid', 'Amsterdam Sloterdijk', 'Zaandam', 'Beverwijk'], ['Heemstede-Aerdenhout', 'Haarlem'], ['Amsterdam Amstel', 'Amsterdam Centraal', 'Amsterdam Sloterdijk', 'Zaandam']]"
4673.285714285714,"[['Den Haag Centraal', 'Leiden Centraal', 'Heemstede-Aerdenhout', 'Haarlem', 'Beverwijk', 'Castricum', 'Alkmaar', 'Hoorn'], ['Heemstede-Aerdenhout', 'Haarlem', 'Beverwijk', 'Castricum'], ['Rotterdam Centraal', 'Rotterdam Alexander', 'Gouda'], ['Amsterdam Amstel', 'Amsterdam Centraal', 'Amsterdam Sloterdijk', 'Haarlem', 'Beverwijk', 'Castricum', 'Alkmaar', 'Hoorn'], ['Amsterdam Amstel', 'Amsterdam Zuid', 'Amsterdam Sloterdijk', 'Zaandam', 'Castricum', 'Alkmaar'], ['Beverwijk', 'Castricum', 'Alkmaar'], ['Castricum', 'Alkmaar', 'Hoorn']]"
4023.0,"[['Amsterdam Amstel', 'Amsterdam Centraal', 'Amsterdam Sloterdijk', 'Zaandam', 'Beverwijk', 'Castricum'], ['Amsterdam Amstel', 'Amsterdam Centraal', 'Amsterdam Sloterdijk'], ['Amsterdam Sloterdijk', 'Zaandam', 'Castricum', 'Alkmaar'], ['Heemstede-Aerdenhout', 'Haarlem', 'Beverwijk', 'Castricum', 'Alkmaar'], ['Schiedam Centrum', 'Delft', 'Den Haag Centraal', 'Leiden Centraal', 'Heemstede-Aerdenhout', 'Haarlem'], ['Haarlem', 'Beverwijk', 'Castricum'], ['Amsterdam Amstel', 'Amsterdam Centraal', 'Amsterdam Sloterdijk', 'Haarlem', 'Beverwijk', 'Castricum']]"
3943.0,"[['Leiden Centraal', 'Alphen a/d Rijn'], ['Den Haag Centraal', 'Leiden Centraal', 'Heemstede-Aerdenhout', 'Haarlem', 'Beverwijk', 'Castricum'], ['Amsterdam Sloterdijk', 'Haarlem', 'Beverwijk', 'Castricum', 'Alkmaar', 'Den Helder'], ['Schiedam Centrum', 'Delft', 'Den Haag Centraal', 'Leiden Centraal', 'Heemstede-Aerdenhout', 'Haarlem', 'Beverwijk', 'Castricum', 'Alkmaar', 'Hoorn'], ['Zaandam', 'Castricum', 'Alkmaar', 'Hoorn'], ['Leiden Centraal', 'Heemstede-Aerdenhout', 'Haarlem', 'Beverwijk'], ['Rotterdam Centraal', 'Schiedam Centrum']]"
3972.0,"[['Amsterdam Zuid', 'Amsterdam Sloterdijk', 'Zaandam', 'Beverwijk', 'Castricum', 'Alkmaar'], ['Amsterdam Centraal', 'Amsterdam Sloterdijk', 'Zaandam'], ['Schiedam Centrum', 'Delft', 'Den Haag Centraal', 'Leiden Centraal'], ['Delft', 'Den Haag Centraal', 'Gouda'], ['Schiedam Centrum', 'Delft', 'Den Haag Centraal', 'Gouda'], ['Amsterdam Sloterdijk', 'Zaandam', 'Beverwijk', 'Castricum', 'Alkmaar', 'Den Helder'], ['Leiden Centraal', 'Heemstede-Aerdenhout', 'Haarlem', 'Beverwijk', 'Castricum', 'Alkmaar']]"
4679.285714285714,"[['Schiedam Centrum', 'Delft', 'Den Haag Centraal', 'Leiden Centraal', 'Alphen a/d Rijn'], ['Haarlem', 'Beverwijk', 'Castricum', 'Alkmaar', 'Hoorn'], ['Amsterdam Amstel', 'Amsterdam Zuid'], ['Heemstede-Aerdenhout', 'Haarlem', 'Beverwijk'], ['Beverwijk', 'Castricum', 'Alkmaar', 'Den Helder'], ['Amsterdam Amstel', 'Amsterdam Centraal', 'Amsterdam Sloterdijk', 'Zaandam', 'Beverwijk', 'Castricum', 'Alkmaar', 'Hoorn'], ['Amsterdam Centraal', 'Amsterdam Sloterdijk', 'Haarlem', 'Beverwijk', 'Castricum']]"
5398.571428571429,"[['Amsterdam Sloterdijk', 'Zaandam', 'Castricum'], ['Zaandam', 'Hoorn'], ['Schiedam Centrum', 'Delft', 'Den Haag Centraal', 'Leiden Centraal', 'Schiphol Airport'], ['Delft', 'Den Haag Centraal', 'Leiden Centraal', 'Heemstede-Aerdenhout', 'Haarlem'], ['Amsterdam Amstel', 'Amsterdam Zuid', 'Amsterdam Sloterdijk', 'Haarlem', 'Beverwijk'], ['Den Haag Centraal', 'Gouda', 'Alphen a/d Rijn'], ['Den Haag Centraal', 'Leiden Centraal', 'Heemstede-Aerdenhout', 'Haarlem', 'Beverwijk', 'Castricum', 'Alkmaar', 'Den Helder']]"
6102.857142857143,"[['Dordrecht', 'Rotterdam Centraal', 'Rotterdam Alexander', 'Gouda', 'Alphen a/d Rijn'], ['Leiden Centraal', 'Alphen a/d Rijn'], ['Amsterdam Centraal', 'Amsterdam Sloterdijk', 'Haarlem', 'Beverwijk', 'Castricum', 'Alkmaar', 'Hoorn'], ['Rotterdam Centraal', 'Schiedam Centrum', 'Delft', 'Den Haag Centraal', 'Leiden Centraal', 'Heemstede-Aerdenhout', 'Haarlem', 'Beverwijk', 'Castricum'], ['Castricum', 'Alkmaar', 'Hoorn'], ['Amsterdam Amstel', 'Amsterdam Zuid', 'Amsterdam Sloterdijk', 'Haarlem'], ['Zaandam', 'Beverwijk', 'Castricum']]"
3691.857142857143,"[['Amsterdam Zuid', 'Amsterdam Sloterdijk', 'Zaandam', 'Castricum', 'Alkmaar', 'Den Helder'], ['Amsterdam Sloterdijk', 'Zaandam', 'Castricum', 'Alkmaar'], ['Zaandam', 'Castricum', 'Alkmaar', 'Hoorn'], ['Amsterdam Amstel', 'Amsterdam Centraal', 'Amsterdam Sloterdijk', 'Haarlem', 'Beverwijk'], ['Heemstede-Aerdenhout', 'Haarlem', 'Beverwijk'], ['Den Haag Centraal', 'Leiden Centraal', 'Heemstede-Aerdenhout', 'Haarlem'], ['Amsterdam Centraal', 'Amsterdam Sloterdijk']]"
4760.285714285714,"[['Amsterdam Amstel', 'Amsterdam Centraal', 'Amsterdam Sloterdijk', 'Zaandam'], ['Amsterdam Amstel', 'Amsterdam Zuid', 'Amsterdam Sloterdijk', 'Zaandam', 'Castricum', 'Alkmaar'], ['Zaandam', 'Castricum', 'Alkmaar', 'Den Helder'], ['Castricum', 'Alkmaar', 'Hoorn'], ['Leiden Centraal', 'Heemstede-Aerdenhout', 'Haarlem'], ['Dordrecht', 'Rotterdam Centraal', 'Schiedam Centrum', 'Delft'], ['Amsterdam Zuid', 'Amsterdam Sloterdijk', 'Haarlem', 'Beverwijk']]"
3588.857142857143,"[['Rotterdam Centraal', 'Rotterdam Alexander', 'Gouda', 'Alphen a/d Rijn'], ['Amsterdam Zuid', 'Amsterdam Sloterdijk', 'Haarlem'], ['Amsterdam Amstel', 'Amsterdam Zuid', 'Amsterdam Sloterdijk', 'Zaandam', 'Beverwijk', 'Castricum', 'Alkmaar'], ['Den Haag Centraal', 'Gouda'], ['Amsterdam Zuid', 'Amsterdam Sloterdijk', 'Zaandam', 'Beverwijk', 'Castricum', 'Alkmaar', 'Den Helder'], ['Amsterdam Sloterdijk', 'Zaandam', 'Beverwijk', 'Castricum', 'Alkmaar'], ['Dordrecht', 'Rotterdam Centraal', 'Rotterdam Alexander', 'Gouda']]"
5345.571428571429,"[['Amsterdam Centraal', 'Amsterdam Sloterdijk', 'Haarlem', 'Beverwijk'], ['Schiedam Centrum', 'Delft', 'Den Haag Centraal', 'Leiden Centraal', 'Alphen a/d Rijn'], ['Amsterdam Zuid', 'Amsterdam Sloterdijk', 'Zaandam', 'Castricum', 'Alkmaar', 'Den Helder'], ['Zaandam', 'Beverwijk', 'Castricum', 'Alkmaar', 'Hoorn'], ['Amsterdam Zuid', 'Amsterdam Sloterdijk', 'Haarlem', 'Beverwijk'], ['Schiedam Centrum', 'Delft', 'Den Haag Centraal', 'Gouda', 'Alphen a/d Rijn'], ['Amsterdam Amstel', 'Amsterdam Centraal', 'Amsterdam Sloterdijk', 'Haarlem', 'Beverwijk', 'Castricum']]"
6055.857142857143,"[['Dordrecht', 'Rotterdam Centraal', 'Schiedam Centrum', 'Delft', 'Den Haag Centraal', 'Gouda'], ['Amsterdam Amstel', 'Amsterdam Centraal', 'Amsterdam Sloterdijk', 'Zaandam', 'Hoorn'], ['Amsterdam Sloterdijk', 'Haarlem', 'Beverwijk', 'Castricum'], ['Castricum', 'Alkmaar', 'Den Helder'], ['Amsterdam Amstel', 'Amsterdam Centraal', 'Amsterdam Sloterdijk', 'Zaandam', 'Castricum', 'Alkmaar', 'Den Helder'], ['Delft', 'Den Haag Centraal', 'Leiden Centraal', 'Heemstede-Aerdenhout', 'Haarlem', 'Beverwijk', 'Castricum', 'Alkmaar'], ['Amsterdam Amstel', 'Amsterdam Zuid', 'Amsterdam Sloterdijk', 'Haarlem']]"
5066.428571428571,"[['Amsterdam Amstel', 'Amsterdam Zuid', 'Amsterdam Sloterdijk', 'Zaandam', 'Beverwijk', 'Castricum', 'Alkmaar', 'Hoorn'], ['Amsterdam Amstel', 'Amsterdam Centraal', 'Amsterdam Sloterdijk', 'Haarlem'], ['Schiedam Centrum', 'Delft', 'Den Haag Centraal', 'Leiden Centraal', 'Heemstede-Aerdenhout', 'Haarlem'], ['Dordrecht', 'Rotterdam Centraal'], ['Haarlem', 'Beverwijk', 'Castricum', 'Alkmaar'], ['Leiden Centraal', 'Heemstede-Aerdenhout', 'Haarlem', 'Beverwijk', 'Castricum', 'Alkmaar'], ['Amsterdam Amstel', 'Amsterdam Centraal', 'Amsterdam Sloterdijk']]"
4372.142857142857,"[['Amsterdam Centraal', 'Amsterdam Sloterdijk', 'Zaandam'], ['Leiden Centraal', 'Heemstede-Aerdenhout', 'Haarlem', 'Beverwijk', 'Castricum'], ['Haarlem', 'Beverwijk', 'Castricum'], ['Amsterdam Centraal', 'Amsterdam Sloterdijk', 'Zaandam', 'Beverwijk', 'Castricum'], ['Delft', 'Den Haag Centraal', 'Leiden Centraal', 'Alphen a/d Rijn'], ['Amsterdam Zuid', 'Amsterdam Sloterdijk', 'Haarlem', 'Beverwijk', 'Castricum', 'Alkmaar', 'Hoorn'], ['Amsterdam Sloterdijk', 'Zaandam', 'Castricum']]"
6486.0,"[['Alkmaar', 'Den Helder'], ['Dordrecht', 'Rotterdam Centraal', 'Schiedam Centrum', 'Delft', 'Den Haag Centraal', 'Leiden Centraal', 'Heemstede-Aerdenhout', 'Haarlem', 'Beverwijk', 'Castricum', 'Alkmaar'], ['Amsterdam Amstel', 'Amsterdam Centraal', 'Amsterdam Sloterdijk', 'Haarlem'], ['Castricum', 'Alkmaar'], ['Haarlem', 'Beverwijk', 'Castricum', 'Alkmaar', 'Hoorn'], ['Amsterdam Amstel', 'Amsterdam Zuid', 'Amsterdam Sloterdijk', 'Zaandam', 'Castricum', 'Alkmaar'], ['Rotterdam Centraal', 'Rotterdam Alexander', 'Gouda']]"
5739.714285714286,"[['Rotterdam Centraal', 'Schiedam Centrum', 'Delft', 'Den Haag Centraal', 'Gouda'], ['Rotterdam Centraal', 'Schiedam Centrum', 'Delft'], ['Amsterdam Amstel', 'Amsterdam Centraal', 'Amsterdam Sloterdijk', 'Zaandam', 'Castricum', 'Alkmaar', 'Hoorn'], ['Amsterdam Amstel', 'Amsterdam Zuid', 'Amsterdam Sloterdijk', 'Zaandam', 'Hoorn'], ['Amsterdam Amstel', 'Amsterdam Zuid', 'Amsterdam Sloterdijk', 'Haarlem', 'Beverwijk'], ['Leiden Centraal', 'Heemstede-Aerdenhout', 'Haarlem', 'Beverwijk', 'Castricum', 'Alkmaar'], ['Amsterdam Amstel', 'Amsterdam Centraal', 'Amsterdam Sloterdijk', 'Zaandam', 'Beverwijk', 'Castricum']]"
4288.142857142857,"[['Amsterdam Centraal', 'Amsterdam Sloterdijk'], ['Amsterdam Amstel', 'Amsterdam Zuid', 'Amsterdam Sloterdijk', 'Haarlem', 'Beverwijk', 'Castricum', 'Alkmaar'], ['Amsterdam Amstel', 'Amsterdam Zuid', 'Amsterdam Sloterdijk', 'Haarlem', 'Beverwijk', 'Castricum', 'Alkmaar', 'Hoorn'], ['Haarlem', 'Beverwijk', 'Castricum', 'Alkmaar', 'Den Helder'], ['Delft', 'Den Haag Centraal', 'Leiden Centraal', 'Heemstede-Aerdenhout', 'Haarlem', 'Beverwijk', 'Castricum', 'Alkmaar'], ['Leiden Centraal', 'Alphen a/d Rijn'], ['Gouda', 'Alphen a/d Rijn']]"
6004.857142857143,"[['Amsterdam Amstel', 'Amsterdam Zuid', 'Amsterdam Sloterdijk', 'Zaandam', 'Hoorn'], ['Amsterdam Sloterdijk', 'Haarlem', 'Beverwijk', 'Castricum', 'Alkmaar'], ['Rotterdam Centraal', 'Schiedam Centrum', 'Delft', 'Den Haag Centraal', 'Leiden Centraal', 'Heemstede-Aerdenhout', 'Haarlem', 'Beverwijk', 'Castricum', 'Alkmaar'], ['Amsterdam Zuid', 'Amsterdam Sloterdijk', 'Zaandam', 'Beverwijk', 'Castricum', 'Alkmaar', 'Hoorn'], ['Dordrecht', 'Rotterdam Centraal', 'Rotterdam Alexander', 'Gouda'], ['Amsterdam Amstel', 'Amsterdam Zuid', 'Amsterdam Sloterdijk', 'Zaandam', 'Castricum', 'Alkmaar'], ['Rotterdam Centraal', 'Schiedam Centrum', 'Delft', 'Den Haag Centraal', 'Leiden Centraal', 'Heemstede-Aerdenhout', 'Haarlem']]"
5042.428571428571,"[['Schiedam Centrum', 'Delft', 'Den Haag Centraal', 'Leiden Centraal', 'Heemstede-Aerdenhout', 'Haarlem', 'Beverwijk', 'Castricum'], ['Dordrecht', 'Rotterdam Centraal', 'Schiedam Centrum', 'Delft', 'Den Haag Centraal', 'Leiden Centraal', 'Heemstede-Aerdenhout', 'Haarlem', 'Beverwijk', 'Castricum'], ['Castricum', 'Alkmaar'], ['Heemstede-Aerdenhout', 'Haarlem'], ['Amsterdam Centraal', 'Amsterdam Sloterdijk', 'Zaandam', 'Beverwijk', 'Castricum', 'Alkmaar', 'Den Helder'], ['Amsterdam Amstel', 'Amsterdam Centraal'], ['Rotterdam Alexander', 'Gouda', 'Alphen a/d Rijn']]"
5692.714285714286,"[['Delft', 'Den Haag Centraal'], ['Dordrecht', 'Rotterdam Centraal', 'Schiedam Centrum'], ['Den Haag Centraal', 'Leiden Centraal', 'Heemstede-Aerdenhout', 'Haarlem'], ['Amsterdam Amstel', 'Amsterdam Centraal', 'Amsterdam Sloterdijk', 'Zaandam', 'Castricum', 'Alkmaar', 'Den Helder'], ['Amsterdam Amstel', 'Amsterdam Zuid', 'Amsterdam Sloterdijk', 'Zaandam', 'Beverwijk', 'Castricum'], ['Dordrecht', 'Rotterdam Centraal', 'Schiedam Centrum', 'Delft', 'Den Haag Centraal', 'Leiden Centraal', 'Heemstede-Aerdenhout', 'Haarlem', 'Beverwijk'], ['Amsterdam Amstel', 'Amsterdam Centraal', 'Amsterdam Sloterdijk', 'Zaandam', 'Beverwijk', 'Castricum', 'Alkmaar', 'Hoorn']]"
5415.571428571429,"[['Rotterdam Alexander', 'Gouda', 'Alphen a/d Rijn'], ['Amsterdam Amstel', 'Amsterdam Centraal'], ['Dordrecht', 'Rotterdam Centraal', 'Schiedam Centrum', 'Delft', 'Den Haag Centraal', 'Leiden Centraal', 'Heemstede-Aerdenhout', 'Haarlem', 'Beverwijk', 'Castricum'], ['Amsterdam Zuid', 'Amsterdam Sloterdijk', 'Zaandam'], ['Schiedam Centrum', 'Delft', 'Den Haag Centraal', 'Leiden Centraal', 'Heemstede-Aerdenhout', 'Haarlem', 'Beverwijk'], ['Zaandam', 'Beverwijk', 'Castricum', 'Alkmaar'], ['Amsterdam Centraal', 'Amsterdam Sloterdijk', 'Zaandam', 'Hoorn']]"
6367.0,"[['Amsterdam Amstel', 'Amsterdam Zuid', 'Amsterdam Sloterdijk', 'Zaandam', 'Beverwijk', 'Castricum', 'Alkmaar', 'Den Helder'], ['Heemstede-Aerdenhout', 'Haarlem', 'Beverwijk', 'Castricum'], ['Dordrecht', 'Rotterdam Centraal', 'Rotterdam Alexander', 'Gouda', 'Alphen a/d Rijn'], ['Amsterdam Amstel', 'Amsterdam Centraal', 'Amsterdam Sloterdijk', 'Haarlem', 'Beverwijk'], ['Dordrecht', 'Rotterdam Centraal', 'Schiedam Centrum', 'Delft', 'Den Haag Centraal'], ['Amsterdam Amstel', 'Amsterdam Zuid', 'Amsterdam Sloterdijk', 'Zaandam', 'Beverwijk', 'Castricum', 'Alkmaar'], ['Schiedam Centrum', 'Delft', 'Den Haag Centraal', 'Leiden Centraal', 'Heemstede-Aerdenhout', 'Haarlem', 'Beverwijk']]"
4290.142857142857,"[['Rotterdam Centraal', 'Rotterdam Alexander', 'Gouda'], ['Amsterdam Zuid', 'Schiphol Airport'], ['Alkmaar', 'Hoorn'], ['Schiedam Centrum', 'Delft', 'Den Haag Centraal', 'Leiden Centraal', 'Heemstede-Aerdenhout', 'Haarlem', 'Beverwijk', 'Castricum'], ['Leiden Centraal', 'Heemstede-Aerdenhout', 'Haarlem', 'Beverwijk', 'Castricum', 'Alkmaar', 'Hoorn'], ['Den Haag Centraal', 'Leiden Centraal', 'Heemstede-Aerdenhout', 'Haarlem', 'Beverwijk', 'Castricum', 'Alkmaar', 'Den Helder'], ['Amsterdam Sloterdijk', 'Zaandam', 'Beverwijk', 'Castricum', 'Alkmaar']]"
5010.428571428571,"[['Rotterdam Centraal', 'Schiedam Centrum', 'Delft', 'Den Haag Centraal', 'Leiden Centraal', 'Heemstede-Aerdenhout', 'Haarlem', 'Beverwijk', 'Castricum'], ['Amsterdam Centraal', 'Amsterdam Sloterdijk', 'Zaandam', 'Beverwijk', 'Castricum', 'Alkmaar', 'Den Helder'], ['Amsterdam Amstel', 'Amsterdam Centraal'], ['Beverwijk', 'Castricum', 'Alkmaar', 'Den Helder'], ['Gouda', 'Alphen a/d Rijn'], ['Castricum', 'Alkmaar', 'Hoorn'], ['Amsterdam Amstel', 'Amsterdam Centraal', 'Amsterdam Sloterdijk', 'Haarlem', 'Beverwijk', 'Castricum', 'Alkmaar']]"
5345.571428571429,"[['Rotterdam Centraal', 'Schiedam Centrum', 'Delft', 'Den Haag Centraal', 'Leiden Centraal', 'Schiphol Airport'], ['Heemstede-Aerdenhout', 'Haarlem', 'Beverwijk', 'Castricum', 'Alkmaar', 'Den Helder'], ['Amsterdam Zuid', 'Amsterdam Sloterdijk', 'Zaandam', 'Castricum', 'Alkmaar', 'Hoorn'], ['Amsterdam Sloterdijk', 'Haarlem', 'Beverwijk'], ['Amsterdam Sloterdijk', 'Zaandam', 'Castricum', 'Alkmaar', 'Den Helder'], ['Delft', 'Den Haag Centraal', 'Gouda', 'Alphen a/d Rijn'], ['Amsterdam Sloterdijk', 'Zaandam', 'Beverwijk', 'Castricum']]"
2992.5714285714284,"[['Rotterdam Centraal', 'Rotterdam Alexander'], ['Amsterdam Amstel', 'Amsterdam Centraal', 'Amsterdam Sloterdijk', 'Zaandam', 'Castricum'], ['Amsterdam Centraal', 'Amsterdam Sloterdijk', 'Zaandam', 'Castricum', 'Alkmaar', 'Den Helder'], ['Zaandam', 'Hoorn'], ['Amsterdam Sloterdijk', 'Zaandam'], ['Amsterdam Amstel', 'Amsterdam Zuid', 'Amsterdam Sloterdijk', 'Zaandam', 'Hoorn'], ['Amsterdam Amstel', 'Amsterdam Zuid', 'Amsterdam Sloterdijk', 'Haarlem']]"
4343.142857142857,"[['Heemstede-Aerdenhout', 'Haarlem', 'Beverwijk', 'Castricum', 'Alkmaar', 'Hoorn'], ['Castricum', 'Alkmaar'], ['Schiedam Centrum', 'Delft', 'Den Haag Centraal', 'Gouda', 'Alphen a/d Rijn'], ['Amsterdam Amstel', 'Amsterdam Zuid', 'Amsterdam Sloterdijk', 'Zaandam'], ['Amsterdam Centraal', 'Amsterdam Sloterdijk', 'Haarlem', 'Beverwijk', 'Castricum', 'Alkmaar', 'Den Helder'], ['Heemstede-Aerdenhout', 'Haarlem', 'Beverwijk'], ['Heemstede-Aerdenhout', 'Haarlem', 'Beverwijk', 'Castricum']]"
2927.5714285714284,"[['Zaandam', 'Castricum', 'Alkmaar', 'Den Helder'], ['Beverwijk', 'Castricum', 'Alkmaar', 'Hoorn'], ['Amsterdam Centraal', 'Amsterdam Sloterdijk', 'Zaandam', 'Hoorn'], ['Amsterdam Sloterdijk', 'Zaandam', 'Castricum', 'Alkmaar', 'Hoorn'], ['Amsterdam Centraal', 'Amsterdam Sloterdijk', 'Zaandam', 'Castricum'], ['Zaandam', 'Castricum', 'Alkmaar', 'Hoorn'], ['Delft', 'Den Haag Centraal', 'Leiden Centraal', 'Schiphol Airport']]"
4668.285714285714,"[['Amsterdam Zuid', 'Amsterdam Sloterdijk', 'Zaandam', 'Castricum', 'Alkmaar'], ['Amsterdam Amstel', 'Amsterdam Zuid', 'Amsterdam Sloterdijk', 'Haarlem', 'Beverwijk', 'Castricum'], ['Rotterdam Centraal', 'Rotterdam Alexander', 'Gouda', 'Alphen a/d Rijn'], ['Amsterdam Centraal', 'Amsterdam Sloterdijk', 'Haarlem', 'Beverwijk', 'Castricum', 'Alkmaar', 'Den Helder'], ['Amsterdam Centraal', 'Amsterdam Sloterdijk', 'Haarlem', 'Beverwijk'], ['Leiden Centraal', 'Heemstede-Aerdenhout', 'Haarlem'], ['Amsterdam Amstel', 'Amsterdam Zuid', 'Amsterdam Sloterdijk', 'Zaandam', 'Beverwijk']]"
6819.142857142857,"[['Amsterdam Centraal', 'Amsterdam Sloterdijk', 'Haarlem', 'Beverwijk', 'Castricum', 'Alkmaar', 'Den Helder'], ['Heemstede-Aerdenhout', 'Haarlem', 'Beverwijk', 'Castricum'], ['Den Haag Centraal', 'Gouda'], ['Amsterdam Amstel', 'Amsterdam Zuid', 'Amsterdam Sloterdijk', 'Zaandam', 'Castricum'], ['Rotterdam Centraal', 'Schiedam Centrum', 'Delft', 'Den Haag Centraal', 'Leiden Centraal', 'Heemstede-Aerdenhout'], ['Beverwijk', 'Castricum', 'Alkmaar', 'Hoorn'], ['Dordrecht', 'Rotterdam Centraal', 'Rotterdam Alexander', 'Gouda', 'Alphen a/d Rijn']]"
6044.857142857143,"[['Amsterdam Centraal', 'Amsterdam Sloterdijk', 'Zaandam', 'Castricum', 'Alkmaar'], ['Amsterdam Zuid', 'Amsterdam Sloterdijk', 'Zaandam', 'Castricum'], ['Amsterdam Amstel', 'Amsterdam Zuid', 'Amsterdam Sloterdijk', 'Zaandam', 'Castricum', 'Alkmaar'], ['Amsterdam Zuid', 'Amsterdam Sloterdijk', 'Zaandam', 'Beverwijk', 'Castricum', 'Alkmaar', 'Den Helder'], ['Schiedam Centrum', 'Delft', 'Den Haag Centraal', 'Leiden Centraal', 'Heemstede-Aerdenhout', 'Haarlem', 'Beverwijk', 'Castricum', 'Alkmaar', 'Hoorn'], ['Dordrecht', 'Rotterdam Centraal', 'Rotterdam Alexander', 'Gouda', 'Alphen a/d Rijn'], ['Amsterdam Centraal', 'Amsterdam Sloterdijk']]"
4990.428571428571,"[['Amsterdam Amstel', 'Amsterdam Centraal', 'Amsterdam Sloterdijk', 'Zaandam'], ['Amsterdam Centraal', 'Amsterdam Sloterdijk', 'Zaandam', 'Beverwijk'], ['Rotterdam Centraal', 'Schiedam Centrum', 'Delft', 'Den Haag Centraal', 'Leiden Centraal', 'Heemstede-Aerdenhout', 'Haarlem', 'Beverwijk', 'Castricum', 'Alkmaar', 'Hoorn'], ['Schiedam Centrum', 'Delft', 'Den Haag Centraal', 'Gouda'], ['Zaandam', 'Castricum', 'Alkmaar', 'Hoorn'], ['Amsterdam Amstel', 'Amsterdam Centraal', 'Amsterdam Sloterdijk', 'Haarlem', 'Beverwijk', 'Castricum', 'Alkmaar'], ['Den Haag Centraal', 'Leiden Centraal', 'Heemstede-Aerdenhout', 'Haarlem', 'Beverwijk', 'Castricum']]"
5459.571428571429,"[['Delft', 'Den Haag Centraal', 'Leiden Centraal', 'Heemstede-Aerdenhout', 'Haarlem'], ['Amsterdam Amstel', 'Amsterdam Centraal', 'Amsterdam Sloterdijk', 'Zaandam', 'Beverwijk', 'Castricum', 'Alkmaar'], ['Amsterdam Zuid', 'Amsterdam Sloterdijk', 'Haarlem', 'Beverwijk', 'Castricum', 'Alkmaar'], ['Rotterdam Centraal', 'Schiedam Centrum'], ['Dordrecht', 'Rotterdam Centraal', 'Schiedam Centrum', 'Delft', 'Den Haag Centraal', 'Gouda'], ['Leiden Centraal', 'Schiphol Airport'], ['Delft', 'Den Haag Centraal']]"
3256.7142857142853,"[['Amsterdam Zuid', 'Amsterdam Sloterdijk', 'Haarlem', 'Beverwijk', 'Castricum', 'Alkmaar', 'Den Helder'], ['Amsterdam Zuid', 'Amsterdam Sloterdijk', 'Haarlem', 'Beverwijk', 'Castricum', 'Alkmaar'], ['Amsterdam Amstel', 'Amsterdam Centraal', 'Amsterdam Sloterdijk'], ['Amsterdam Sloterdijk', 'Zaandam', 'Castricum'], ['Amsterdam Amstel', 'Amsterdam Zuid', 'Amsterdam Sloterdijk', 'Haarlem', 'Beverwijk', 'Castricum'], ['Alkmaar', 'Hoorn'], ['Amsterdam Amstel', 'Amsterdam Centraal', 'Amsterdam Sloterdijk', 'Zaandam', 'Castricum', 'Alkmaar']]"
4950.428571428571,"[['Schiedam Centrum', 'Delft', 'Den Haag Centraal', 'Leiden Centraal', 'Heemstede-Aerdenhout', 'Haarlem', 'Beverwijk'], ['Dordrecht', 'Rotterdam Centraal', 'Schiedam Centrum', 'Delft', 'Den Haag Centraal', 'Leiden Centraal', 'Heemstede-Aerdenhout', 'Haarlem', 'Beverwijk'], ['Amsterdam Amstel', 'Amsterdam Centraal', 'Amsterdam Sloterdijk', 'Haarlem', 'Beverwijk', 'Castricum', 'Alkmaar', 'Den Helder'], ['Den Haag Centraal', 'Gouda'], ['Rotterdam Centraal', 'Schiedam Centrum', 'Delft', 'Den Haag Centraal', 'Leiden Centraal', 'Heemstede-Aerdenhout', 'Haarlem', 'Beverwijk', 'Castricum', 'Alkmaar'], ['Delft', 'Den Haag Centraal', 'Leiden Centraal', 'Alphen a/d Rijn'], ['Leiden Centraal', 'Schiphol Airport']]"
4669.285714285714,"[['Schiedam Centrum', 'Delft', 'Den Haag Centraal', 'Leiden Centraal', 'Heemstede-Aerdenhout', 'Haarlem', 'Beverwijk'], ['Amsterdam Amstel', 'Amsterdam Zuid', 'Amsterdam Sloterdijk', 'Haarlem', 'Beverwijk', 'Castricum'], ['Heemstede-Aerdenhout', 'Haarlem', 'Beverwijk'], ['Schiedam Centrum', 'Delft', 'Den Haag Centraal'], ['Castricum', 'Alkmaar'], ['Beverwijk', 'Castricum', 'Alkmaar', 'Den Helder'], ['Amsterdam Amstel', 'Amsterdam Centraal', 'Amsterdam Sloterdijk', 'Zaandam', 'Beverwijk', 'Castricum', 'Alkmaar', 'Den Helder']]"
5324.571428571429,"[['Amsterdam Amstel', 'Amsterdam Zuid'], ['Heemstede-Aerdenhout', 'Haarlem', 'Beverwijk', 'Castricum', 'Alkmaar'], ['Amsterdam Centraal', 'Amsterdam Sloterdijk', 'Zaandam', 'Beverwijk', 'Castricum', 'Alkmaar', 'Den Helder'], ['Amsterdam Zuid', 'Amsterdam Sloterdijk', 'Haarlem', 'Beverwijk', 'Castricum', 'Alkmaar', 'Hoorn'], ['Amsterdam Amstel', 'Amsterdam Centraal', 'Amsterdam Sloterdijk', 'Zaandam', 'Castricum', 'Alkmaar', 'Den Helder'], ['Dordrecht', 'Rotterdam Centraal', 'Rotterdam Alexander', 'Gouda', 'Alphen a/d Rijn'], ['Heemstede-Aerdenhout', 'Haarlem', 'Beverwijk', 'Castricum']]"
2859.5714285714284,"[['Amsterdam Centraal', 'Amsterdam Sloterdijk', 'Haarlem', 'Beverwijk', 'Castricum'], ['Castricum', 'Alkmaar', 'Den Helder'], ['Leiden Centraal', 'Heemstede-Aerdenhout', 'Haarlem', 'Beverwijk', 'Castricum', 'Alkmaar', 'Den Helder'], ['Amsterdam Zuid', 'Amsterdam Sloterdijk', 'Zaandam', 'Castricum', 'Alkmaar', 'Den Helder'], ['Zaandam', 'Castricum', 'Alkmaar'], ['Amsterdam Centraal', 'Amsterdam Sloterdijk', 'Zaandam', 'Castricum', 'Alkmaar', 'Den Helder'], ['Haarlem', 'Beverwijk']]"
4434.142857142857,"[['Amsterdam Sloterdijk', 'Zaandam', 'Beverwijk', 'Castricum', 'Alkmaar', 'Hoorn'], ['Amsterdam Zuid', 'Amsterdam Sloterdijk', 'Zaandam'], ['Amsterdam Amstel', 'Amsterdam Zuid'], ['Amsterdam Sloterdijk', 'Haarlem'], ['Schiedam Centrum', 'Delft', 'Den Haag Centraal', 'Leiden Centraal', 'Heemstede-Aerdenhout'], ['Haarlem', 'Beverwijk', 'Castricum'], ['Rotterdam Alexander', 'Gouda', 'Alphen a/d Rijn']]"
3398.7142857142853,"[['Amsterdam Amstel', 'Amsterdam Zuid', 'Amsterdam Sloterdijk', 'Haarlem'], ['Delft', 'Den Haag Centraal', 'Leiden Centraal', 'Alphen a/d Rijn'], ['Leiden Centraal', 'Schiphol Airport'], ['Zaandam', 'Hoorn'], ['Rotterdam Centraal', 'Schiedam Centrum', 'Delft', 'Den Haag Centraal'], ['Den Haag Centraal', 'Leiden Centraal', 'Schiphol Airport'], ['Amsterdam Sloterdijk', 'Zaandam', 'Castricum']]"
3880.0,"[['Schiedam Centrum', 'Delft', 'Den Haag Centraal', 'Gouda'], ['Amsterdam Zuid', 'Amsterdam Sloterdijk', 'Haarlem', 'Beverwijk', 'Castricum', 'Alkmaar', 'Den Helder'], ['Schiedam Centrum', 'Delft', 'Den Haag Centraal', 'Leiden Centraal', 'Heemstede-Aerdenhout', 'Haarlem', 'Beverwijk'], ['Rotterdam Centraal', 'Schiedam Centrum'], ['Haarlem', 'Beverwijk', 'Castricum', 'Alkmaar', 'Hoorn'], ['Beverwijk', 'Castricum', 'Alkmaar', 'Den Helder'], ['Amsterdam Zuid', 'Amsterdam Sloterdijk', 'Haarlem', 'Beverwijk', 'Castricum', 'Alkmaar', 'Hoorn']]"
4655.285714285714,"[['Den Haag Centraal', 'Leiden Centraal', 'Heemstede-Aerdenhout', 'Haarlem', 'Beverwijk', 'Castricum', 'Alkmaar', 'Hoorn'], ['Rotterdam Centraal', 'Rotterdam Alexander', 'Gouda', 'Alphen a/d Rijn'], ['Amsterdam Amstel', 'Amsterdam Zuid', 'Amsterdam Sloterdijk', 'Haarlem', 'Beverwijk', 'Castricum'], ['Amsterdam Sloterdijk', 'Zaandam', 'Castricum'], ['Amsterdam Amstel', 'Amsterdam Zuid', 'Amsterdam Sloterdijk', 'Haarlem', 'Beverwijk'], ['Amsterdam Amstel', 'Amsterdam Zuid'], ['Delft', 'Den Haag Centraal', 'Leiden Centraal', 'Heemstede-Aerdenhout', 'Haarlem', 'Beverwijk', 'Castricum', 'Alkmaar']]"
5724.714285714286,"[['Rotterdam Centraal', 'Schiedam Centrum', 'Delft', 'Den Haag Centraal'], ['Dordrecht', 'Rotterdam Centraal', 'Schiedam Centrum'], ['Dordrecht', 'Rotterdam Centraal', 'Schiedam Centrum', 'Delft', 'Den Haag Centraal', 'Gouda', 'Alphen a/d Rijn'], ['Beverwijk', 'Castricum', 'Alkmaar', 'Den Helder'], ['Amsterdam Amstel', 'Amsterdam Zuid', 'Amsterdam Sloterdijk', 'Zaandam', 'Castricum', 'Alkmaar', 'Hoorn'], ['Amsterdam Sloterdijk', 'Haarlem', 'Beverwijk', 'Castricum'], ['Delft', 'Den Haag Centraal', 'Leiden Centraal', 'Heemstede-Aerdenhout', 'Haarlem', 'Beverwijk']]"
4222.142857142857,"[['Dordrecht', 'Rotterdam Centraal', 'Schiedam Centrum', 'Delft', 'Den Haag Centraal', 'Leiden Centraal', 'Heemstede-Aerdenhout', 'Haarlem', 'Beverwijk', 'Castricum'], ['Haarlem', 'Beverwijk', 'Castricum', 'Alkmaar', 'Den Helder'], ['Amsterdam Sloterdijk', 'Haarlem', 'Beverwijk', 'Castricum', 'Alkmaar'], ['Dordrecht', 'Rotterdam Centraal', 'Schiedam Centrum', 'Delft', 'Den Haag Centraal', 'Leiden Centraal', 'Heemstede-Aerdenhout', 'Haarlem', 'Beverwijk', 'Castricum', 'Alkmaar'], ['Amsterdam Centraal', 'Amsterdam Sloterdijk', 'Haarlem', 'Beverwijk', 'Castricum', 'Alkmaar'], ['Amsterdam Centraal', 'Amsterdam Sloterdijk', 'Zaandam', 'Hoorn'], ['Heemstede-Aerdenhout', 'Haarlem']]"
4954.428571428571,"[['Haarlem', 'Beverwijk', 'Castricum'], ['Zaandam', 'Beverwijk', 'Castricum', 'Alkmaar', 'Hoorn'], ['Amsterdam Zuid', 'Amsterdam Sloterdijk', 'Haarlem', 'Beverwijk', 'Castricum', 'Alkmaar', 'Hoorn'], ['Amsterdam Amstel', 'Amsterdam Centraal', 'Amsterdam Sloterdijk', 'Zaandam', 'Castricum', 'Alkmaar', 'Den Helder'], ['Schiedam Centrum', 'Delft', 'Den Haag Centraal', 'Leiden Centraal', 'Heemstede-Aerdenhout', 'Haarlem', 'Beverwijk', 'Castricum', 'Alkmaar', 'Hoorn'], ['Amsterdam Centraal', 'Amsterdam Sloterdijk', 'Zaandam', 'Castricum'], ['Amsterdam Amstel', 'Amsterdam Centraal', 'Amsterdam Sloterdijk']]"
4370.142857142857,"[['Amsterdam Centraal', 'Amsterdam Sloterdijk', 'Zaandam', 'Beverwijk', 'Castricum', 'Alkmaar', 'Hoorn'], ['Rotterdam Centraal', 'Schiedam Centrum', 'Delft', 'Den Haag Centraal'], ['Haarlem', 'Beverwijk'], ['Schiedam Centrum', 'Delft', 'Den Haag Centraal', 'Leiden Centraal', 'Heemstede-Aerdenhout', 'Haarlem'], ['Amsterdam Sloterdijk', 'Haarlem', 'Beverwijk', 'Castricum', 'Alkmaar'], ['Schiedam Centrum', 'Delft', 'Den Haag Centraal', 'Leiden Centraal'], ['Delft', 'Den Haag Centraal', 'Gouda']]"
4280.142857142857,"[['Amsterdam Sloterdijk', 'Zaandam', 'Castricum', 'Alkmaar', 'Den Helder'], ['Den Haag Centraal', 'Leiden Centraal', 'Heemstede-Aerdenhout', 'Haarlem', 'Beverwijk', 'Castricum', 'Alkmaar', 'Den Helder'], ['Delft', 'Den Haag Centraal', 'Gouda', 'Alphen a/d Rijn'], ['Den Haag Centraal', 'Gouda', 'Alphen a/d Rijn'], ['Amsterdam Zuid', 'Amsterdam Sloterdijk', 'Zaandam', 'Beverwijk', 'Castricum'], ['Den Haag Centraal', 'Leiden Centraal', 'Heemstede-Aerdenhout', 'Haarlem', 'Beverwijk'], ['Leiden Centraal', 'Schiphol Airport']]"
4682.285714285714,"[['Schiedam Centrum', 'Delft', 'Den Haag Centraal', 'Leiden Centraal', 'Heemstede-Aerdenhout'], ['Amsterdam Sloterdijk', 'Zaandam', 'Beverwijk'], ['Amsterdam Zuid', 'Amsterdam Sloterdijk', 'Zaandam', 'Beverwijk', 'Castricum'], ['Amsterdam Amstel', 'Amsterdam Zuid', 'Amsterdam Sloterdijk', 'Haarlem', 'Beverwijk', 'Castricum'], ['Amsterdam Centraal', 'Amsterdam Sloterdijk', 'Zaandam', 'Castricum'], ['Amsterdam Amstel', 'Amsterdam Centraal', 'Amsterdam Sloterdijk', 'Haarlem', 'Beverwijk', 'Castricum'], ['Rotterdam Centraal', 'Schiedam Centrum', 'Delft', 'Den Haag Centraal', 'Leiden Centraal', 'Schiphol Airport']]"
4670.285714285714,"[['Leiden Centraal', 'Heemstede-Aerdenhout', 'Haarlem', 'Beverwijk', 'Castricum', 'Alkmaar'], ['Dordrecht', 'Rotterdam Centraal', 'Schiedam Centrum', 'Delft', 'Den Haag Centraal', 'Leiden Centraal', 'Schiphol Airport'], ['Amsterdam Zuid', 'Amsterdam Sloterdijk', 'Zaandam', 'Beverwijk'], ['Castricum', 'Alkmaar'], ['Amsterdam Amstel', 'Amsterdam Centraal', 'Amsterdam Sloterdijk', 'Zaandam', 'Beverwijk', 'Castricum', 'Alkmaar'], ['Delft', 'Den Haag Centraal', 'Leiden Centraal', 'Heemstede-Aerdenhout', 'Haarlem', 'Beverwijk', 'Castricum'], ['Amsterdam Zuid', 'Amsterdam Sloterdijk', 'Zaandam']]"
4043.0,"[['Rotterdam Centraal', 'Schiedam Centrum', 'Delft', 'Den Haag Centraal', 'Leiden Centraal', 'Heemstede-Aerdenhout', 'Haarlem', 'Beverwijk', 'Castricum', 'Alkmaar'], ['Schiedam Centrum', 'Delft', 'Den Haag Centraal', 'Leiden Centraal'], ['Amsterdam Zuid', 'Amsterdam Sloterdijk', 'Haarlem'], ['Amsterdam Sloterdijk', 'Zaandam', 'Castricum', 'Alkmaar'], ['Den Haag Centraal', 'Leiden Centraal', 'Heemstede-Aerdenhout', 'Haarlem', 'Beverwijk'], ['Delft', 'Den Haag Centraal'], ['Amsterdam Centraal', 'Amsterdam Sloterdijk', 'Haarlem']]"
4665.285714285714,"[['Beverwijk', 'Castricum'], ['Amsterdam Sloterdijk', 'Zaandam', 'Hoorn'], ['Den Haag Centraal', 'Leiden Centraal', 'Heemstede-Aerdenhout', 'Haarlem', 'Beverwijk'], ['Schiedam Centrum', 'Delft', 'Den Haag Centraal', 'Leiden Centraal', 'Heemstede-Aerdenhout', 'Haarlem', 'Beverwijk'], ['Amsterdam Amstel', 'Amsterdam Centraal', 'Amsterdam Sloterdijk', 'Haarlem', 'Beverwijk', 'Castricum'], ['Zaandam', 'Castricum', 'Alkmaar', 'Den Helder'], ['Amsterdam Centraal', 'Amsterdam Sloterdijk', 'Haarlem', 'Beverwijk', 'Castricum', 'Alkmaar', 'Hoorn']]"
4634.285714285714,"[['Amsterdam Zuid', 'Amsterdam Sloterdijk', 'Zaandam', 'Castricum'], ['Rotterdam Alexander', 'Gouda', 'Alphen a/d Rijn'], ['Delft', 'Den Haag Centraal', 'Leiden Centraal', 'Heemstede-Aerdenhout', 'Haarlem', 'Beverwijk', 'Castricum', 'Alkmaar', 'Den Helder'], ['Amsterdam Zuid', 'Amsterdam Sloterdijk', 'Haarlem'], ['Delft', 'Den Haag Centraal', 'Leiden Centraal', 'Alphen a/d Rijn'], ['Amsterdam Zuid', 'Amsterdam Sloterdijk', 'Haarlem', 'Beverwijk', 'Castricum', 'Alkmaar', 'Hoorn'], ['Heemstede-Aerdenhout', 'Haarlem', 'Beverwijk', 'Castricum', 'Alkmaar']]"
3612.857142857143,"[['Amsterdam Zuid', 'Amsterdam Sloterdijk', 'Haarlem'], ['Beverwijk', 'Castricum', 'Alkmaar', 'Den Helder'], ['Amsterdam Sloterdijk', 'Zaandam', 'Beverwijk', 'Castricum'], ['Amsterdam Amstel', 'Amsterdam Zuid', 'Amsterdam Sloterdijk', 'Zaandam', 'Beverwijk', 'Castricum', 'Alkmaar', 'Hoorn'], ['Den Haag Centraal', 'Leiden Centraal', 'Alphen a/d Rijn'], ['Amsterdam Zuid', 'Amsterdam Sloterdijk', 'Zaandam', 'Beverwijk'], ['Amsterdam Amstel', 'Amsterdam Centraal', 'Amsterdam Sloterdijk', 'Haarlem']]"
3774.0,"[['Schiedam Centrum', 'Delft', 'Den Haag Centraal', 'Leiden Centraal', 'Heemstede-Aerdenhout'], ['Haarlem', 'Beverwijk', 'Castricum', 'Alkmaar', 'Hoorn'], ['Amsterdam Zuid', 'Amsterdam Sloterdijk', 'Zaandam', 'Castricum', 'Alkmaar', 'Den Helder'], ['Leiden Centraal', 'Heemstede-Aerdenhout', 'Haarlem', 'Beverwijk', 'Castricum', 'Alkmaar', 'Hoorn'], ['Leiden Centraal', 'Heemstede-Aerdenhout', 'Haarlem', 'Beverwijk', 'Castricum', 'Alkmaar', 'Den Helder'], ['Amsterdam Amstel', 'Amsterdam Zuid', 'Amsterdam Sloterdijk', 'Zaandam', 'Castricum', 'Alkmaar'], ['Schiedam Centrum', 'Delft', 'Den Haag Centraal', 'Leiden Centraal', 'Heemstede-Aerdenhout', 'Haarlem', 'Beverwijk', 'Castricum', 'Alkmaar', 'Hoorn']]"
5433.571428571429,"[['Dordrecht', 'Rotterdam Centraal', 'Schiedam Centrum', 'Delft', 'Den Haag Centraal', 'Leiden Centraal', 'Alphen a/d Rijn'], ['Amsterdam Amstel', 'Amsterdam Centraal', 'Amsterdam Sloterdijk', 'Zaandam'], ['Amsterdam Zuid', 'Amsterdam Sloterdijk', 'Zaandam'], ['Amsterdam Amstel', 'Amsterdam Zuid', 'Amsterdam Sloterdijk', 'Haarlem', 'Beverwijk', 'Castricum'], ['Den Haag Centraal', 'Gouda'], ['Beverwijk', 'Castricum', 'Alkmaar', 'Den Helder'], ['Amsterdam Zuid', 'Amsterdam Sloterdijk', 'Zaandam', 'Castricum', 'Alkmaar']]"
5335.571428571429,"[['Dordrecht', 'Rotterdam Centraal', 'Schiedam Centrum', 'Delft', 'Den Haag Centraal', 'Leiden Centraal', 'Heemstede-Aerdenhout'], ['Alkmaar', 'Hoorn'], ['Amsterdam Amstel', 'Amsterdam Centraal', 'Amsterdam Sloterdijk', 'Zaandam', 'Castricum', 'Alkmaar', 'Den Helder'], ['Amsterdam Amstel', 'Amsterdam Zuid', 'Amsterdam Sloterdijk', 'Zaandam', 'Beverwijk', 'Castricum', 'Alkmaar', 'Den Helder'], ['Amsterdam Zuid', 'Schiphol Airport'], ['Amsterdam Sloterdijk', 'Zaandam', 'Castricum', 'Alkmaar'], ['Amsterdam Amstel', 'Amsterdam Zuid', 'Amsterdam Sloterdijk', 'Zaandam', 'Castricum', 'Alkmaar', 'Hoorn']]"
6064.857142857143,"[['Leiden Centraal', 'Heemstede-Aerdenhout', 'Haarlem', 'Beverwijk', 'Castricum', 'Alkmaar', 'Den Helder'], ['Dordrecht', 'Rotterdam Centraal', 'Schiedam Centrum', 'Delft', 'Den Haag Centraal', 'Leiden Centraal', 'Schiphol Airport'], ['Amsterdam Amstel', 'Amsterdam Centraal', 'Amsterdam Sloterdijk', 'Zaandam', 'Beverwijk', 'Castricum', 'Alkmaar'], ['Dordrecht', 'Rotterdam Centraal', 'Rotterdam Alexander', 'Gouda'], ['Amsterdam Amstel', 'Amsterdam Centraal', 'Amsterdam Sloterdijk', 'Zaandam', 'Castricum'], ['Beverwijk', 'Castricum', 'Alkmaar', 'Hoorn'], ['Alkmaar', 'Den Helder']]"
5361.571428571429,"[['Rotterdam Centraal', 'Schiedam Centrum', 'Delft', 'Den Haag Centraal', 'Gouda', 'Alphen a/d Rijn'], ['Amsterdam Amstel', 'Amsterdam Zuid', 'Amsterdam Sloterdijk', 'Zaandam', 'Castricum', 'Alkmaar', 'Den Helder'], ['Delft', 'Den Haag Centraal', 'Leiden Centraal', 'Heemstede-Aerdenhout'], ['Amsterdam Centraal', 'Amsterdam Sloterdijk', 'Zaandam', 'Beverwijk', 'Castricum', 'Alkmaar', 'Hoorn'], ['Amsterdam Amstel', 'Amsterdam Centraal', 'Amsterdam Sloterdijk', 'Zaandam', 'Beverwijk', 'Castricum'], ['Zaandam', 'Castricum'], ['Rotterdam Centraal', 'Schiedam Centrum', 'Delft', 'Den Haag Centraal']]"
6019.857142857143,"[['Dordrecht', 'Rotterdam Centraal', 'Schiedam Centrum', 'Delft', 'Den Haag Centraal', 'Gouda'], ['Delft', 'Den Haag Centraal', 'Leiden Centraal', 'Heemstede-Aerdenhout', 'Haarlem', 'Beverwijk', 'Castricum', 'Alkmaar'], ['Den Haag Centraal', 'Leiden Centraal', 'Heemstede-Aerdenhout', 'Haarlem', 'Beverwijk', 'Castricum', 'Alkmaar', 'Den Helder'], ['Amsterdam Centraal', 'Amsterdam Sloterdijk', 'Zaandam', 'Castricum', 'Alkmaar', 'Hoorn'], ['Amsterdam Zuid', 'Amsterdam Sloterdijk', 'Zaandam', 'Beverwijk', 'Castricum'], ['Amsterdam Amstel', 'Amsterdam Zuid', 'Amsterdam Sloterdijk'], ['Amsterdam Centraal', 'Amsterdam Sloterdijk', 'Haarlem', 'Beverwijk']]"
3929.0,"[['Den Haag Centraal', 'Leiden Centraal', 'Heemstede-Aerdenhout', 'Haarlem', 'Beverwijk', 'Castricum'], ['Amsterdam Centraal', 'Amsterdam Sloterdijk', 'Zaandam', 'Beverwijk', 'Castricum', 'Alkmaar', 'Den Helder'], ['Amsterdam Amstel', 'Amsterdam Centraal', 'Amsterdam Sloterdijk', 'Haarlem'], ['Den Haag Centraal', 'Leiden Centraal', 'Heemstede-Aerdenhout', 'Haarlem', 'Beverwijk', 'Castricum', 'Alkmaar'], ['Gouda', 'Alphen a/d Rijn'], ['Amsterdam Zuid', 'Amsterdam Sloterdijk', 'Haarlem', 'Beverwijk', 'Castricum'], ['Zaandam', 'Beverwijk', 'Castricum', 'Alkmaar']]"
4706.285714285714,"[['Amsterdam Centraal', 'Amsterdam Sloterdijk', 'Haarlem', 'Beverwijk', 'Castricum', 'Alkmaar', 'Hoorn'], ['Schiedam Centrum', 'Delft', 'Den Haag Centraal', 'Leiden Centraal'], ['Amsterdam Amstel', 'Amsterdam Centraal', 'Amsterdam Sloterdijk', 'Zaandam'], ['Amsterdam Sloterdijk', 'Haarlem', 'Beverwijk', 'Castricum', 'Alkmaar', 'Hoorn'], ['Dordrecht', 'Rotterdam Centraal', 'Schiedam Centrum', 'Delft', 'Den Haag Centraal', 'Leiden Centraal', 'Heemstede-Aerdenhout'], ['Leiden Centraal', 'Schiphol Airport'], ['Heemstede-Aerdenhout', 'Haarlem', 'Beverwijk']]"
